
USE `ebsatestrrhh`;

SET FOREIGN_KEY_CHECKS=0;

/*Data for the table `estado_rrhh_liquidacion` */

delete from estado_rrhh_liquidacion;
insert  into `estado_rrhh_liquidacion`(`id`,`d_estado_rrhh_liquidacion`) values (1,'No liquidada'),(2,'Liquidada Parcialmen'),(3,'Liquidada Totalmente'),(4,'Cerrada');

/*Data for the table `rrhh_actividad` */
delete from rrhh_actividad;
insert  into `rrhh_actividad`(`id`,`codigo`,`d_rrhh_actividad`) values (1,0,'Zona de Desastre. Decreto 1386/01 excepto actividad agropecuaria'),(2,1,'Producción Primaria excepto actividad agropecuaria'),(3,2,'Producción de bienes sin comercialización'),(4,3,'Construcción de inmuebles'),(5,4,'Turismo'),(6,5,'Investigación  Científica y Tecnológica'),(7,6,'Administración  Publica. CON OBRA SOCIAL 23660'),(8,7,'Enseñanza Privada L.13047 no comprendidos en el D 137/05'),(9,8,'Servicio Doméstico'),(10,9,'Servicios energéticos Res. MTESS 268 Y 824/09'),(11,10,'Universidades Privadas personal no docente Decreto Nº 1123/99'),(12,11,'Personal  Permanente Discont. Empresas de Servicios  Eventuales'),(13,12,'PIT -Programas  Intensivos de Trabajo'),(14,13,'Personal embarcado.'),(15,14,'Personal embarcado Dec 1255 S/res SSS 18/99'),(16,15,'L.R.T.-Directores SA, municipios, org, cent y descent. Emp mixt provin y otros-'),(17,16,'No obligados con el SIJP (colegios, reciprocidad previsional y otros)'),(18,17,'Obligados al SIJP -sin Obra Social Nacional (Adm Púb y otros)'),(19,18,'Provincia incorporada al SIJP sin obra social nacional con ART'),(20,19,'Provincia incorporada al SIJP sin obra social nacional sin ART'),(21,20,'Ley N° 24.331 Zona Franca'),(22,21,'Dec N° 1024/93 Empr del Estado, Org. y Entes Públicos con OS y FNE'),(23,22,'Dec N° 1024/93 Empr del Estado, Org. y Entes Públicos sin OS y con FNE'),(24,23,'ILT para actividad 21'),(25,24,'ILPPP o ILPPD para actividad 21'),(26,25,'ILPTP para actividad 21'),(27,26,'ILT para actividad 22'),(28,27,'Servicio exterior  Ley N° 22731'),(29,28,'ILPTP para actividad 22'),(30,29,'Personal embarcado Dec 1255 S/res SSS 18/99  con Obra Social'),(31,30,'AFA Decreto Nº 1212/03. Aportante autonomo'),(32,31,'Trabajador rural de la Armada Argentina'),(33,32,'CSJN Corte Suprema de Justicia, MAgistrados provinciales, Revisores de Cuentas'),(34,33,'Representante gremial en uso de licencia'),(35,34,'Docentes estatales nacionales. CON OBRA SOCIAL 23660- Dec 137/05'),(36,35,'Docentes estatales nacionales.SIN OBRA SOCIAL 23660 Dec 137/05'),(37,36,'Invest cientifico/tecnológico/docente universitario estatal nacional CON OBRA SOCIAL 23660 Dec 160/05-'),(38,37,'Invest cientifico/tecnológico/docente universitario  estatal nacional SIN OBRA SOCIAL 23660 Dec 160/05-'),(39,38,'Docentes privados  Res 71/99 SSS - Dec 137/05'),(40,39,'No docentes privados Res 71/99 SSS'),(41,40,'Industria del software Ley N° 25922'),(42,41,'Trabajador de la Construcción Ley 25345 art. 36'),(43,42,'Asignaciones  Familiares y FNE con Obra Social Nacional'),(44,43,'Asignaciones  Familiares y FNE sin Obra Social Nacional'),(45,44,'Ley N° 24061 Dto.249/92'),(46,45,'Provincia incorporada al SIJP con obra social nacional con ART'),(47,46,'Provincia incorporada al SIJP  CON obra social nacional SIN ART'),(48,47,'Ley Nº 15223 con obra social'),(49,48,'Regimen nacional sin obra social nacional'),(50,49,'Actividades no clasificadas'),(51,50,'POLICÍA DE LA RIOJA'),(52,51,'POLICÍA DE JUJUY'),(53,52,'POLICÍA DE TUCUMÁN'),(54,53,'POLICÍA DE CATAMARCA'),(55,54,'POLICÍA DE RIÓ NEGRO'),(56,55,'POLICÍA DE MENDOZA'),(57,56,'POLICÍA DE SANTIAGO DEL ESTERO'),(58,57,'POLICÍA DE SALTA'),(59,58,'POLICÍA DE SAN JUAN'),(60,59,'POLICÍA DE SAN LUIS'),(61,60,'SERVICIO PENITENCIARIO DE SAN LUIS'),(62,61,'POLICÍA METROPOLITANA DEL GOBIERNO DE LA CIUDAD DE BUENOS AIRES'),(63,62,'Personal sin estado policial POLICÍA METROPOLITANA DEL GOBIERNO DE LA CIUDAD DE BUENOS AIRES'),(64,63,'SERVICIO PENITENCIARIO DE LA RIOJA'),(65,64,'SERVICIO PENITENCIARIO DE JUJUY'),(66,65,'SERVICIO PENITENCIARIO DE TUCUMÁN'),(67,66,'SERVICIO PENITENCIARIO DE CATAMARCA'),(68,67,'SERVICIO PENITENCIARIO DE RIÓ NEGRO'),(69,68,'SERVICIO PENITENCIARIO DE MENDOZA'),(70,69,'LEGISLADORES NACIONALES (DIPUTADOS Y SENADORES)'),(71,70,'SERVICIO PENITENCIARIO DE SANTIAGO DEL ESTERO'),(72,71,'SERVICIO PENITENCIARIO DE SALTA'),(73,72,'SERVICIO PENITENCIARIO DE SAN JUAN'),(74,73,'ILT p/actividad 91'),(75,74,'ILPPP o ILPPD p/actividad 91'),(76,75,'Docente de Prov incorporada/SIJP S/obra social nacional C/ART Dec 137/05'),(77,76,'Docente de Prov incorporada/SIJP S/obra social nacional S/ART Dec 137/05'),(78,77,'Docente de Prov incorporada/SIJP c/obra social nacional c/ART Dec 137/05'),(79,78,'Investig cientif/tecnológ/docente univ Prov incorp/SIPA S/O.Social Nac c/ART -Dec 160/05 Ley 2'),(80,79,'Investigador cientif/tecnológ/Prov incorporada al SIJP c/O Social NAC c/ART -Dec 160/05'),(81,80,'ILPTP p/ actividades 01 * 02 * 03 * 04* 05 *11*  13 * 49 * 91'),(82,81,'Funcionarios del Poder Judicial de la Nación Ley Nº 24.018'),(83,82,'Funcionarios del Poder Ejecutivo de la Nación Ley Nº 24.018'),(84,83,'Presidente de la Nación y Vicepresidente de la Nación'),(85,84,'Docentes privados Res. 71/99 SSS - Dec. Nº 137/05 sin Obra Social -'),(86,85,'Magistrados Provincials, Revisores de Cuenta - docentes'),(87,86,'Decreto Nº 1.474/2007 actividad minera'),(88,87,'Docentes Universitarios Nacionales con Obra Social Ley Nº 26.508'),(89,88,'Docentes Universitarios Nacionales sin Obra Social Ley Nº 26.508'),(90,89,'ILPTP p/ actividad 97'),(91,90,'ILT o ILPPP o ILPPD o ILPTP p/actividad 15'),(92,91,'Regimen previsional propio.  Obra Social L.23660 Y 24714'),(93,92,'Res 71/99 SSS y otros'),(94,93,' UNIVERSIDADES PRIVADAS. Personal Docente D.1123/99'),(95,94,'Decreto 953/99'),(96,95,'Ley Nº 15223 sin obra social'),(97,96,'Pers. Permanente Discontinuo Serv Eventuales Alcanzados p/ DtoN° 96/99'),(98,97,'Trabajador Agrario. Ley 25191'),(99,98,'Zona de Desastre Decreto N° 1386/01. Actividad Agropecuaria Ley N°25191'),(100,99,'Trabajador Agrario (excluido Ley 26727)'),(101,100,'CSJN Corte Supr de Justicia, Magistrados provinciales, Revisores de Cta sin ART'),(102,101,'Magistrados provinciales, Revisores de Cta - docentes sin ART'),(103,106,'Administración Pública CON OBRA SOCIAL 23660 (con PAMI) Tipo de empleador especial'),(104,109,'Servicios energéticos Res.MTESS 268 y 824/09 - Provincias (sin PAMI y sin OS)'),(105,110,'Servicios energéticos Res.MTESS 268 y 824/09 - Provincias con OS'),(106,117,'Obligados al SIJP -sin Obra Social Nacional (Adm Púb y otros) y SIN PAMI - Tipo de empleador especial'),(107,901,'Poder judicial (sin ART)'),(108,902,'Poder judicial (con ART)'),(109,903,'Poder Legislativo (sin ART)'),(110,904,'Poder Legislativo (con ART)'),(111,905,'Empleo público en gral (sin ART)'),(112,906,'Empleo público en gral (con ART)'),(113,907,'Docente (sin ART)'),(114,908,'Docente (con ART)'),(115,909,'Fuerza de seguridad (sin ART)'),(116,910,'Fuerza de seguridad (con ART)'),(117,911,'No clasificados (sin ART)'),(118,912,'No clasificados (con ART)'),(119,913,'Prestadores de servicios (monotributo y/o autónomos)'),(120,920,'No obligados al SIPA - informativo (sin ART)'),(121,921,'No obligados al SIPA - informativo (con ART)');

/*Data for the table `rrhh_categoria` */
delete from rrhh_categoria;
insert  into `rrhh_categoria`(`id`,`d_rrhh_categoria`,`id_rrhh_convenio`,`importe`,`id_rrhh_tipo_liquidacion`,`codigo`,`activo`) values (86,'ADMINISTRATIVA 1',NULL,'0.00',NULL,'A1',1),(87,'ADMINISTRATIVO 2',NULL,'0.00',NULL,'A2',1),(97,'MEDIO OFICIAL',NULL,'0.00',NULL,'MOF',1),(98,'OP CALIFICADO',NULL,'0.00',NULL,'OCA',1),(99,'OPERARIO ESPECIALIZADO MULT',NULL,'0.00',NULL,'OEM',1),(100,'OFICIAL',NULL,'0.00',NULL,'OFI',1),(101,'OP ESPECIALIZADO',NULL,'0.00',NULL,'OP',1),(102,'OPERARIO',NULL,'0.00',NULL,'OPE',1),(103,'PEON',NULL,'0.00',NULL,'PEO',1),(104,'SERENO',NULL,'400.00',NULL,'SER',1),(105,'SUPFAB4TA',NULL,'0.00',NULL,'SUF',1),(106,'SUPTEC 3RA',NULL,'1400.00',NULL,'SUT',1),(107,'TECNICO',NULL,'0.00',NULL,'TEC',1),(108,'VENDEDOR',NULL,'0.00',NULL,'VEN',1),(109,'ADMINISTRATIVO 4ta.',NULL,'32819.71',NULL,'ADMI 4TA',1),(110,'OFICIAL MULTIPLE',NULL,'180.64',NULL,'OF.MULT.',1),(111,'ADMINISTRATIVO 3ra.',NULL,'30050.40',NULL,'ADM 3RA',1),(112,'SUP.FABRICA 1ra.',NULL,'31319.00',NULL,'SUP.FAB1RA',1),(113,'SUP.FABRICA 2da.',NULL,'39853.00',NULL,'SUP.FAB2DA',1),(114,'EXCLUIDO DE CONVENIO',NULL,'0.00',NULL,'EXCL',1),(115,'TECNICO 1RA UOM',NULL,'23450.48',NULL,'TCO.1RAUOM',1),(116,'TECNICO  5TA UOM',NULL,'32820.99',NULL,'TCO DE 5TA',1),(117,'TECNICO 3RA UOM',NULL,'27821.42',NULL,'TEC.3RA UO',1),(118,'CONDUCTOR MAQUINISTA',NULL,'27228.16',NULL,'C .D .C.',1),(119,'OFICIAL MENSUAL',NULL,'33985.62',NULL,'OFC. MENS.',1),(120,'CAPATAZ',NULL,'29728.00',NULL,'CAPATAZ',1),(121,'AUXILIAR 1ERA JORNADA PARCIAL',NULL,'9260.44',NULL,'AUX 1ERA',1);

/*Data for the table `rrhh_clase_legajo` */
delete from rrhh_clase_legajo;
insert  into `rrhh_clase_legajo`(`id`,`d_rrhh_clase_legajo`) values (1,'Jornal'),(2,'Mensual');

/*Data for the table `rrhh_clase_liquidacion` */
delete from rrhh_clase_liquidacion;
insert  into `rrhh_clase_liquidacion`(`id`,`d_rrhh_clase_liquidacion`,`codigo`,`activo`,`fecha_modificacion`) values (1,'AGUINALDO','AGU',1,NULL),(2,'AYUDA ESCOLAR','AYU',1,NULL),(3,'JORNALIZADO','JOR',1,NULL),(4,'MENSUALIZADO','MEN',1,NULL),(5,'SALARIO','SAL',1,NULL),(6,'VARIOS','VAR',1,NULL);

/*Data for the table `rrhh_concepto` */
delete from rrhh_concepto;
insert  into `rrhh_concepto`(`id`,`d_rrhh_concepto`,`codigo`,`activo`,`id_cuenta_contable`,`orden_impresion`,`texto_mostrar`,`id_rrhh_tipo_concepto`,`formula_codigo`,`formula`,`chk_asumir_cero_si_resultado_negativo`,`orden_liquidacion`,`chk_es_cantidad`,`chk_es_valor_unitario`,`chk_es_importe`,`valor_generico`,`orden_calculo`,`tipo_vigencia`,`chk_tasa_liquidacion`,`fecha_modificacion`,`chk_periodo`,`chk_filtro_sexo`,`chk_filtro_clase_legajo`,`chk_filtro_categoria`,`chk_filtro_sindicato`,`chk_filtro_estado_civil`,`chk_filtro_area`,`chk_filtro_obra_social`,`chk_fecha_historico`,`chk_fecha_ganancia`,`chk_rrhh_tipo_liquidacion`,`observacion`) values (164,'HORAS NORMALES','1',1,NULL,1,NULL,0,'Es ( [SJO] + [CCO 0002 G] ) * [CCO 0001 C]','Es ( Sueldo o Jornal + AUMENTO (Valor Genérico) ) * HORAS NORMALES (Cantidad)',NULL,NULL,1,0,0,'0.00',10,0,1,NULL,NULL,0,1,0,0,0,0,0,0,0,0,NULL),(165,'AUMENTO','2',1,NULL,1,NULL,6,'Es [CCO 0002 G]','Es AUMENTO (Valor Genérico)',NULL,NULL,1,0,0,'0.00',9,2,1,NULL,NULL,0,1,0,0,0,0,0,0,0,0,NULL),(166,'AJ. HS.QUINC.ANT','3',1,NULL,1,NULL,0,'Es [SJO] * [CCO 0003 C] * [UIC N 1]','Es Sueldo o Jornal * AJ. HS.QUINC.ANT (Cantidad) * (-1)',NULL,NULL,1,0,0,'0.00',30,0,1,NULL,NULL,0,0,0,0,0,0,0,0,0,0,NULL),(167,'AJUSTE HS. QUINC','4',1,NULL,1,NULL,0,'Es [SJO] * [CCO 0004 C]','Es Sueldo o Jornal * AJUSTE HS. QUINC (Cantidad)',NULL,NULL,1,0,1,'0.00',40,0,0,NULL,NULL,0,0,0,0,0,0,0,0,0,1,NULL),(168,'RETROACT.VH','5',1,NULL,1,NULL,0,'Es [CCO 0005 I]','Es RETROACT.VH (Importe)',NULL,NULL,0,0,1,'0.00',50,0,0,NULL,NULL,0,0,0,0,0,0,0,1,0,1,NULL),(169,'HS AUSENTES','6',1,NULL,1,NULL,0,'Es [CCO 0006 C] * [SJO] * ( [UIC N 1] )','Es HS AUSENTES (Cantidad) * Sueldo o Jornal * ( (-1) )',NULL,NULL,1,0,0,'0.00',60,0,0,NULL,NULL,0,0,0,0,0,0,0,1,0,1,NULL),(170,'HORAS EXTRAS AL 50 %','7',1,NULL,1,NULL,0,'Es [SJO] * [UIC P 1.5] * [CCO 0007 C]','Es Sueldo o Jornal * 1.5 * HORAS EXTRAS AL 50 % (Cantidad)',NULL,NULL,1,0,0,'0.00',70,0,0,NULL,NULL,0,0,0,0,0,0,0,1,0,1,NULL),(171,'Hs Extras 100 %','8',1,NULL,1,NULL,0,'Es [SJO] * [UIC P 2] * [CCO 0008 C]','Es Sueldo o Jornal * 2 * Hs Extras 100 % (Cantidad)',NULL,NULL,1,0,0,'0.00',80,0,0,NULL,NULL,0,0,0,0,0,0,0,1,0,1,NULL),(172,'ASIGNACION ESTIMULO','10',1,NULL,1,NULL,0,'Es [SJO] * [CCO 0010 C]','Es Sueldo o Jornal * ASIGNACION ESTIMULO (Cantidad)',NULL,NULL,1,0,0,'0.00',100,0,0,NULL,NULL,0,0,0,0,0,0,0,1,0,1,NULL),(173,'HORAS FERIADO','11',1,NULL,1,NULL,0,'Es ( [SJO] + [CCO 0002 G] ) * [CCO 0011 C]','Es ( Sueldo o Jornal + AUMENTO (Valor Genérico) ) * HORAS FERIADO (Cantidad)',NULL,NULL,1,0,0,'0.00',110,0,1,NULL,NULL,0,1,0,0,0,0,0,0,0,0,NULL),(174,'HORAS  NOCTURNAS ','13',1,NULL,1,NULL,0,'Es ( [SJO] + [CCO 0002 G] ) * [CCO 0013 C]','Es ( Sueldo o Jornal + AUMENTO (Valor Genérico) ) * HORAS  NOCTURNAS (Cantidad)',NULL,NULL,1,0,0,'0.00',130,0,1,NULL,NULL,0,1,0,0,0,0,0,0,0,0,NULL),(175,'HORAS ENFERMEDAD ','15',1,NULL,1,NULL,0,'Es ( [SJO] + [CCO 0002 G] ) * [CCO 0015 C]','Es ( Sueldo o Jornal + AUMENTO (Valor Genérico) ) * HORAS ENFERMEDAD (Cantidad)',NULL,NULL,1,0,0,'0.00',150,0,1,NULL,NULL,0,1,0,0,0,0,0,0,0,0,NULL),(176,'HORAS SUSPENSION','17',1,NULL,1,NULL,0,'Es ( [SJO] + [CCO 0002 G] ) * [CCO 0017 C] * ( [UIC N 1] )','Es ( Sueldo o Jornal + AUMENTO (Valor Genérico) ) * HORAS SUSPENSION (Cantidad) * ( (-1) )',NULL,NULL,1,0,0,'0.00',170,0,1,NULL,NULL,0,1,0,0,0,0,0,0,0,0,NULL),(177,'LIC X ACC A CGO ART','18',1,NULL,1,NULL,0,'Es [CCO 0018 C] * ( [SJO] )','Es LIC X ACC A CGO ART (Cantidad) * ( Sueldo o Jornal )',NULL,NULL,1,0,0,'0.00',180,0,0,NULL,NULL,0,0,0,0,0,0,0,1,0,1,NULL),(178,'LICENCIA  NACIMIENTO','20',1,NULL,1,NULL,0,'Es ( [SJO] + [CCO 0002 G] ) * [CCO 0020 C]','Es ( Sueldo o Jornal + AUMENTO (Valor Genérico) ) * LICENCIA  NACIMIENTO (Cantidad)',NULL,NULL,1,0,0,'0.00',200,0,1,NULL,NULL,0,0,0,0,0,0,0,0,0,0,NULL),(179,'LIC. ENF.FLIAR ','21',1,NULL,1,NULL,0,'Es ( [SJO] * [CCO 0021 C] )','Es ( Sueldo o Jornal * LIC. ENF.FLIAR (Cantidad) )',NULL,NULL,1,0,0,'0.00',210,0,1,NULL,NULL,0,0,0,0,0,0,0,0,0,0,NULL),(180,'LIC. CASAMIENTO','22',1,NULL,1,NULL,0,'Es ( [SJO] + [CCO 0002 G] ) * [CCO 0022 C] * [UIC P 9]','Es ( Sueldo o Jornal + AUMENTO (Valor Genérico) ) * LIC. CASAMIENTO (Cantidad) * 9',NULL,NULL,1,0,0,'0.00',220,0,1,NULL,NULL,0,1,0,0,0,0,0,0,0,0,NULL),(181,'LIC. P/ EX. AJUSTE 1*QUINC','23',1,NULL,1,NULL,0,'Es [SJO] * [CCO 0023 C]','Es Sueldo o Jornal * LIC. P/ EX. AJUSTE 1*QUINC (Cantidad)',NULL,NULL,1,0,0,'0.00',230,0,1,NULL,NULL,0,0,0,0,0,0,0,0,0,0,NULL),(182,'LIC. FALLECIMIENTO','24',1,NULL,1,NULL,0,'Es [SJO] * [CCO 0024 C]','Es Sueldo o Jornal * LIC. FALLECIMIENTO (Cantidad)',NULL,NULL,1,0,0,'0.00',240,0,1,NULL,NULL,0,1,0,0,0,0,0,0,0,0,NULL),(183,'LICENCIA POR EXAMEN','25',1,NULL,1,NULL,0,'Es [SJO] * [CCO 0025 C]','Es Sueldo o Jornal * LICENCIA POR EXAMEN (Cantidad)',NULL,NULL,1,0,0,'0.00',250,0,0,NULL,NULL,0,1,0,0,0,0,0,0,0,1,NULL),(184,'LICENCIA CASAMIENTO','26',1,NULL,1,NULL,0,'Es [CCO 0026 I]','Es LICENCIA CASAMIENTO (Importe)',NULL,NULL,0,0,1,'0.00',260,0,0,NULL,NULL,0,0,0,0,0,0,0,1,0,1,NULL),(185,'DIAS DE VACACIONES','29',1,NULL,1,NULL,6,'Es [CCO 0029 C]','Es DIAS DE VACACIONES (Cantidad)',NULL,NULL,1,0,0,'0.00',290,0,1,NULL,NULL,0,0,0,0,0,0,0,0,0,0,NULL),(186,'VACACIONES JORNAL','30',1,NULL,1,NULL,0,'Es [SJO] * [UIC P 9] * [CCO 0029 C]','Es Sueldo o Jornal * 9 * DIAS DE VACACIONES (Cantidad)',NULL,NULL,0,0,0,'0.00',300,0,1,NULL,NULL,0,1,0,0,0,0,0,0,0,0,NULL),(187,'VACACIONES','31',1,NULL,1,NULL,0,'Es [CCO 0031 I]','Es VACACIONES (Importe)',NULL,NULL,0,0,1,'0.00',310,0,1,NULL,NULL,0,0,0,0,0,0,0,0,0,0,NULL),(188,'SUELDO PROPORCIONAL','49',1,NULL,1,NULL,0,'Es [CCO 0049 C] * [SJO] / [CCO 0049 G]','Es SUELDO PROPORCIONAL (Cantidad) * Sueldo o Jornal / SUELDO PROPORCIONAL (Valor Genérico)',NULL,NULL,1,0,0,'9.00',490,0,1,NULL,NULL,0,0,0,0,0,0,0,0,0,0,NULL),(189,'SUELDO','50',1,NULL,1,NULL,0,'Es [SJO] / [UIC P 30] * [CCO 0050 C]','Es Sueldo o Jornal / 30 * SUELDO (Cantidad)',NULL,NULL,1,0,0,'0.00',500,0,1,NULL,NULL,0,1,0,0,0,0,0,0,0,0,NULL),(190,'DIAS ENFERMEDAD ','51',1,NULL,1,NULL,0,'Es [SJO] / [CCO 0051 G] * [CCO 0051 C]','Es Sueldo o Jornal / DIAS ENFERMEDAD (Valor Genérico) * DIAS ENFERMEDAD (Cantidad)',NULL,NULL,1,0,0,'30.00',510,0,1,NULL,NULL,0,1,0,0,0,0,0,0,0,0,NULL),(191,'DIAS DE SUSPENSION','52',1,NULL,1,NULL,0,'Es [SJO] / [UIC P 30] * [CCO 0052 C] * [UIC N 1]','Es Sueldo o Jornal / 30 * DIAS DE SUSPENSION (Cantidad) * (-1)',NULL,NULL,1,0,0,'0.00',520,0,1,NULL,NULL,0,1,0,0,0,0,0,0,0,0,NULL),(192,'HORAS AUSENTES','53',1,NULL,1,NULL,0,'Es [SJO] / [UIC P 270] * [CCO 0053 C] * [UIC N 1]','Es Sueldo o Jornal / 270 * HORAS AUSENTES (Cantidad) * (-1)',NULL,NULL,1,0,0,'0.00',530,0,1,NULL,NULL,0,1,0,0,0,0,0,0,0,0,NULL),(193,'DIA FERIADO','54',1,NULL,1,NULL,0,'Es [CCO 0054 C] * [SJO] / [CCO 0054 G]','Es DIA FERIADO (Cantidad) * Sueldo o Jornal / DIA FERIADO (Valor Genérico)',NULL,NULL,1,0,0,'9.00',540,0,1,NULL,NULL,0,1,0,0,0,0,0,0,0,0,NULL),(194,'INASISTENCIAS','55',1,NULL,1,NULL,6,'Es [CCO 0055 C]','Es INASISTENCIAS (Cantidad)',NULL,NULL,1,0,0,'0.00',550,0,0,NULL,NULL,0,0,0,0,0,0,0,0,0,1,NULL),(195,'VACACIONES MENSUAL','60',1,NULL,1,NULL,0,'Es [SJO] / [UIC P 25] * [CCO 0029 C]','Es Sueldo o Jornal / 25 * DIAS DE VACACIONES (Cantidad)',NULL,NULL,0,0,0,'0.00',600,0,1,NULL,NULL,0,1,0,0,0,0,0,0,0,0,NULL),(196,'VACACIONES','61',1,NULL,1,NULL,0,'Es [CCO 0061 I]','Es VACACIONES (Importe)',NULL,NULL,0,0,1,'0.00',610,0,0,NULL,NULL,0,0,0,0,0,0,0,1,0,1,NULL),(197,'LICENCIA ENFERMEDAD FLIAR','65',1,NULL,1,NULL,0,'Es [SJO] / [UIC P 30] * [CCO 0065 C]','Es Sueldo o Jornal / 30 * LICENCIA ENFERMEDAD FLIAR (Cantidad)',NULL,NULL,1,0,0,'0.00',650,0,1,NULL,NULL,0,1,0,0,0,0,0,0,0,0,NULL),(198,'LICENCIA NACIMIENTO','66',1,NULL,1,NULL,0,'Es [SJO] / [UIC P 30] * [CCO 0066 C]','Es Sueldo o Jornal / 30 * LICENCIA NACIMIENTO (Cantidad)',NULL,NULL,1,0,0,'0.00',660,0,1,NULL,NULL,0,1,0,0,0,0,0,0,0,0,NULL),(199,'LIC.CASAMIENTO','67',1,NULL,1,NULL,0,'Es [SJO] * [CCO 0067 C] / [UIC P 30]','Es Sueldo o Jornal * LIC.CASAMIENTO (Cantidad) / 30',NULL,NULL,1,0,0,'0.00',670,0,1,NULL,NULL,0,1,0,0,0,0,0,0,0,0,NULL),(200,'LICENCIA POR EXAMEN','68',1,NULL,1,NULL,0,'Es ( [SJO] / [UIC P 30] ) * [CCO 0068 C]','Es ( Sueldo o Jornal / 30 ) * LICENCIA POR EXAMEN (Cantidad)',NULL,NULL,1,0,0,'0.00',680,0,1,NULL,NULL,0,1,0,0,0,0,0,0,0,0,NULL),(201,'LIC. FALLECIMIENTO','69',1,NULL,1,NULL,0,'Es [CCO 0069 C] / [UIC P 30] * [SJO]','Es LIC. FALLECIMIENTO (Cantidad) / 30 * Sueldo o Jornal',NULL,NULL,1,0,0,'0.00',690,0,1,NULL,NULL,0,1,0,0,0,0,0,0,0,0,NULL),(202,'Hs Extras 50 %','70',1,NULL,1,NULL,0,'Es [SJO] * [CCO 0070 C] / [CCO 0070 U] * [UIC P 1.5]','Es Sueldo o Jornal * Hs Extras 50 % (Cantidad) / Hs Extras 50 % (Valor Unitario) * 1.5',NULL,NULL,1,1,0,'0.00',701,0,0,NULL,NULL,0,0,0,0,0,0,0,1,0,1,NULL),(203,'Hs Extras al 50 %','71',1,NULL,1,NULL,0,'Es [SJO] * [CCO 0071 C] / [CCO 0071 U] * [UIC P 1.5]','Es Sueldo o Jornal * Hs Extras al 50 % (Cantidad) / Hs Extras al 50 % (Valor Unitario) * 1.5',NULL,NULL,1,1,0,'0.00',710,0,0,NULL,NULL,0,0,0,0,0,0,0,1,0,1,NULL),(204,'Hs Extras 100%','72',1,NULL,1,NULL,0,'Es [SJO] * [CCO 0072 C] / [CCO 0072 U] * [UIC P 2]','Es Sueldo o Jornal * Hs Extras 100% (Cantidad) / Hs Extras 100% (Valor Unitario) * 2',NULL,NULL,1,1,0,'0.00',720,0,0,NULL,NULL,0,0,0,0,0,0,0,1,0,1,NULL),(205,'HORAS EXTRAS','73',1,NULL,1,NULL,0,'Es [CCO 0073 I]','Es HORAS EXTRAS (Importe)',NULL,NULL,0,0,1,'0.00',730,0,0,NULL,NULL,0,0,0,0,0,0,0,1,0,1,NULL),(206,'A CUENTA FUTUROS AUMENTOS','197',1,NULL,1,NULL,0,'Es [CCO 0060 T] * [CCO 0197 G]','Es VACACIONES MENSUAL (Total) * A CUENTA FUTUROS AUMENTOS (Valor Genérico)',NULL,NULL,0,0,0,'0.12',1970,0,0,NULL,NULL,0,0,0,0,0,0,0,1,0,1,NULL),(207,'A CTA FUT. AUMENTOS','198',1,NULL,1,NULL,0,'Es [CCO 0198 C] * [SJO] * [CCO 0198 U] + ( [CCO 0007 T] + [CCO 0008 T] + [CCO 0070 T] + [CCO 0071 T] + [CCO 0072 T] + [CCO 0073 T] ) * [CCO 0198 U]','Es A CTA FUT. AUMENTOS (Cantidad) * Sueldo o Jornal * A CTA FUT. AUMENTOS (Valor Unitario) + ( HORAS EXTRAS AL 50 % (Total) + Hs Extras 100 % (Total) + Hs Extras 50 % (Total) + Hs Extras al 50 % (Total) + Hs Extras 100% (Total) + HORAS EXTRAS (Total) ) * ',NULL,NULL,0,0,1,'0.00',1980,0,0,NULL,NULL,0,0,0,0,0,0,0,0,0,1,NULL),(208,'A CTA DE FUT. AUMENTOS','199',1,NULL,1,NULL,0,'Es [CCO 0199 C] * [SJO] * [CCO 0199 G] + ( [CCO 0007 T] + [CCO 0008 T] + [CCO 0070 T] + [CCO 0071 T] ) * [CCO 0199 G]','Es A CTA DE FUT. AUMENTOS (Cantidad) * Sueldo o Jornal * A CTA DE FUT. AUMENTOS (Valor Genérico) + ( HORAS EXTRAS AL 50 % (Total) + Hs Extras 100 % (Total) + Hs Extras 50 % (Total) + Hs Extras al 50 % (Total) ) * A CTA DE FUT. AUMENTOS (Valor Genérico)',NULL,NULL,1,1,0,'0.09',1990,0,0,NULL,NULL,0,0,0,0,0,0,0,0,0,1,NULL),(209,'AJUSTE ','200',1,NULL,1,NULL,0,'Es [CCO 0200 I]','Es AJUSTE (Importe)',NULL,NULL,0,0,1,'0.00',2000,2,1,NULL,NULL,0,0,0,0,0,0,0,0,0,0,NULL),(210,'A CTA DE FUT. AUMENTOS','201',1,NULL,1,NULL,0,'Es [SJO] * [CCO 0201 C] * [CCO 0201 G] + ( [CCO 0007 T] + [CCO 0008 T] + [CCO 0070 T] + [CCO 0071 T] ) * [CCO 0201 G]','Es Sueldo o Jornal * A CTA DE FUT. AUMENTOS (Cantidad) * A CTA DE FUT. AUMENTOS (Valor Genérico) + ( HORAS EXTRAS AL 50 % (Total) + Hs Extras 100 % (Total) + Hs Extras 50 % (Total) + Hs Extras al 50 % (Total) ) * A CTA DE FUT. AUMENTOS (Valor Genérico)',NULL,NULL,1,1,1,'0.12',2010,0,0,NULL,NULL,0,0,0,0,0,0,0,0,0,1,NULL),(211,'ANTIGUEDAD','202',1,NULL,1,NULL,0,'Es [TSR] * [ANT AEA] * [CCO 0202 G]','Es Total Haberes Remunerativos * Antigüedad (en años) * ANTIGUEDAD (Valor Genérico)',NULL,NULL,0,0,0,'0.01',2020,0,1,NULL,NULL,0,0,0,0,0,0,0,0,0,0,NULL),(212,'A CTA DE FUT AUM.','203',1,NULL,1,NULL,0,'Es [CCO 0203 G] * [CCO 0203 C] * [SJO] + ( [CCO 0007 T] + [CCO 0008 T] + [CCO 0070 T] + [CCO 0071 T] ) * [CCO 0203 G]','Es A CTA DE FUT AUM. (Valor Genérico) * A CTA DE FUT AUM. (Cantidad) * Sueldo o Jornal + ( HORAS EXTRAS AL 50 % (Total) + Hs Extras 100 % (Total) + Hs Extras 50 % (Total) + Hs Extras al 50 % (Total) ) * A CTA DE FUT AUM. (Valor Genérico)',NULL,NULL,1,1,1,'0.13',2019,0,1,NULL,NULL,0,0,0,0,0,0,0,0,0,0,NULL),(213,'ANTIGUEDAD','204',1,NULL,1,NULL,0,'Es [CCO 0204 I]','Es ANTIGUEDAD (Importe)',NULL,NULL,0,0,1,'0.00',2040,0,0,NULL,NULL,0,0,0,0,0,0,0,1,0,1,NULL),(214,'PREST.BASI.CGO ART','205',1,NULL,1,NULL,0,'Es [CCO 0205 C] * [SJO] / [UIC P 30]','Es PREST.BASI.CGO ART (Cantidad) * Sueldo o Jornal / 30',NULL,NULL,1,0,0,'0.00',2050,0,1,NULL,NULL,0,0,0,0,0,0,0,0,0,0,NULL),(215,'PREST. BASI CGO EMPLE.','206',1,NULL,1,NULL,0,'Es [CCO 0206 C] * [UIC P 30.4] / [UIC P 30] / [UIC P 365] * [CCO 9900 T 1 0 200508 200607 VAR 0]','Es PREST. BASI CGO EMPLE. (Cantidad) * 30.4 / 30 / 365 * HABERES REMUNERATIVOS (Total) VARIOS (08/2005 | 07/2006, Suma)',NULL,NULL,1,0,0,'0.00',2060,0,1,NULL,NULL,0,0,0,0,0,0,0,0,0,0,NULL),(216,'PRES BAS A CGO ART       (JOR)','207',1,NULL,1,NULL,0,'Es [CCO 0207 C] * [UIC P 30.4] / [UIC P 365] / [UIC P 30] * [CCO 9900 T 1 0 200010 200109 VAR 0]','Es PRES BAS A CGO ART       (JOR) (Cantidad) * 30.4 / 365 / 30 * HABERES REMUNERATIVOS (Total) VARIOS (10/2000 | 09/2001, Suma)',NULL,NULL,1,0,0,'0.00',2070,0,0,NULL,NULL,0,0,0,0,0,0,0,0,0,1,NULL),(217,'A CUENTA FUT AUMENTOS','208',1,NULL,1,NULL,0,'Es [SJO] * [CCO 0208 U] + ( [CCO 0070 T] + [CCO 0071 T] + [CCO 0072 T] + [CCO 0073 T] ) * [CCO 0208 U]','Es Sueldo o Jornal * A CUENTA FUT AUMENTOS (Valor Unitario) + ( Hs Extras 50 % (Total) + Hs Extras al 50 % (Total) + Hs Extras 100% (Total) + HORAS EXTRAS (Total) ) * A CUENTA FUT AUMENTOS (Valor Unitario)',NULL,NULL,1,1,1,'0.35',2080,0,1,NULL,NULL,0,0,0,0,0,0,0,1,0,0,NULL),(218,'A CUENTA FUT. AUMENTOS','209',1,NULL,1,NULL,0,'Es [CCO 0209 G] * [CCO 0209 C] * [SJO] + ( [CCO 0007 T] + [CCO 0008 T] ) * [CCO 0209 G]','Es A CUENTA FUT. AUMENTOS (Valor Genérico) * A CUENTA FUT. AUMENTOS (Cantidad) * Sueldo o Jornal + ( HORAS EXTRAS AL 50 % (Total) + Hs Extras 100 % (Total) ) * A CUENTA FUT. AUMENTOS (Valor Genérico)',NULL,NULL,1,1,1,'0.14',2090,0,0,NULL,NULL,0,0,0,0,0,0,0,1,0,1,NULL),(219,'A CUENTA FUT. AUMENTOS','210',1,NULL,1,NULL,0,'Es [CCO 0210 G] * [CCO 0210 C] * [SJO] + ( [CCO 0007 T] + [CCO 0008 T] ) * [CCO 0210 G]','Es A CUENTA FUT. AUMENTOS (Valor Genérico) * A CUENTA FUT. AUMENTOS (Cantidad) * Sueldo o Jornal + ( HORAS EXTRAS AL 50 % (Total) + Hs Extras 100 % (Total) ) * A CUENTA FUT. AUMENTOS (Valor Genérico)',NULL,NULL,1,1,1,'0.05',2100,0,0,NULL,NULL,0,0,0,0,0,0,0,1,0,1,NULL),(220,'A CUENTA FUT. AUMENTOS','211',1,NULL,1,NULL,0,'Es [CCO 0211 G] * [CCO 0211 C] * [SJO] + ( [CCO 0007 T] + [CCO 0008 T] ) * [CCO 0211 G]','Es A CUENTA FUT. AUMENTOS (Valor Genérico) * A CUENTA FUT. AUMENTOS (Cantidad) * Sueldo o Jornal + ( HORAS EXTRAS AL 50 % (Total) + Hs Extras 100 % (Total) ) * A CUENTA FUT. AUMENTOS (Valor Genérico)',NULL,NULL,1,1,1,'0.16',2110,0,0,NULL,NULL,0,0,0,0,0,0,0,1,0,1,NULL),(221,'A CUENTA FUT. AUMENTOS','212',1,NULL,1,NULL,0,'Es [CCO 0212 G] * [CCO 0212 C] * [SJO] + ( [CCO 0007 T] + [CCO 0008 T] ) * [CCO 0212 G]','Es A CUENTA FUT. AUMENTOS (Valor Genérico) * A CUENTA FUT. AUMENTOS (Cantidad) * Sueldo o Jornal + ( HORAS EXTRAS AL 50 % (Total) + Hs Extras 100 % (Total) ) * A CUENTA FUT. AUMENTOS (Valor Genérico)',NULL,NULL,1,1,1,'0.19',2120,0,0,NULL,NULL,0,0,0,0,0,0,0,1,0,1,NULL),(222,'A CUENTA FUT. AUMENTOS','213',1,NULL,1,NULL,0,'Es [CCO 0213 G] * [CCO 0213 C] * [SJO] + ( [CCO 0007 T] + [CCO 0008 T] ) * [CCO 0213 G]','Es A CUENTA FUT. AUMENTOS (Valor Genérico) * A CUENTA FUT. AUMENTOS (Cantidad) * Sueldo o Jornal + ( HORAS EXTRAS AL 50 % (Total) + Hs Extras 100 % (Total) ) * A CUENTA FUT. AUMENTOS (Valor Genérico)',NULL,NULL,1,1,1,'0.15',2130,0,0,NULL,NULL,0,0,0,0,0,0,0,1,0,1,NULL),(223,'A CUENTA FUT. AUMENTOS','214',1,NULL,1,NULL,0,'Es [CCO 0214 G] * [CCO 0214 C] * [SJO] + ( [CCO 0071 T] + [CCO 0072 T] ) * [CCO 0214 G]','Es A CUENTA FUT. AUMENTOS (Valor Genérico) * A CUENTA FUT. AUMENTOS (Cantidad) * Sueldo o Jornal + ( Hs Extras al 50 % (Total) + Hs Extras 100% (Total) ) * A CUENTA FUT. AUMENTOS (Valor Genérico)',NULL,NULL,1,1,1,'0.10',2140,0,0,NULL,NULL,0,0,0,0,0,0,0,1,0,1,NULL),(224,'A CUENTA DE FUTUROS AUMENTOS','215',1,NULL,1,NULL,0,'Es [CCO 0215 I]','Es A CUENTA DE FUTUROS AUMENTOS (Importe)',NULL,NULL,0,0,1,'0.00',2150,0,0,NULL,NULL,0,0,0,0,0,0,0,1,0,1,NULL),(225,'SAC 1ER SEMESTRE','220',1,NULL,1,NULL,0,'Es [CCO 9900 T 1 1 01 06 AGU 3] / [CDS] * [DTS] / [UIC P 2]','Es HABERES REMUNERATIVOS (Total) AGUINALDO (Ene | Jun, Mejor) / Cantidad de días del semestre * Días trabajados en el semestre / 2',NULL,NULL,0,0,0,'0.00',2200,0,1,NULL,NULL,0,0,0,0,0,0,0,0,0,0,NULL),(226,'SAC 2DO SEMESTRE','221',1,NULL,1,NULL,0,'Es [CCO 9900 T 1 1 07 12 AGU 3] / [CDS] * [DTS] / [UIC P 2]','Es HABERES REMUNERATIVOS (Total) AGUINALDO (Jul | Dic, Mejor) / Cantidad de días del semestre * Días trabajados en el semestre / 2',NULL,NULL,0,0,0,'0.00',2210,0,1,NULL,NULL,0,0,0,0,0,0,0,0,0,0,NULL),(227,'MESES TRABAJADOS','249',1,NULL,1,NULL,6,'Es [CCO 0249 C]','Es MESES TRABAJADOS (Cantidad)',NULL,NULL,1,0,0,'0.00',2490,0,1,NULL,NULL,0,0,0,0,0,0,0,0,0,0,NULL),(228,'SAC ','250',1,NULL,1,NULL,0,'Es [CCO 0250 I]','Es SAC (Importe)',NULL,NULL,0,0,1,'0.00',2500,0,1,NULL,NULL,0,0,0,0,0,0,0,0,0,0,NULL),(229,'INDEM.POR DESPIDO','251',1,NULL,1,NULL,1,'Es [CCO 0251 I]','Es INDEM.POR DESPIDO (Importe)',NULL,NULL,0,0,1,'0.00',2510,0,1,NULL,NULL,0,0,0,0,0,0,0,0,0,0,NULL),(230,'INDEM. POR PREAVISO','252',1,NULL,1,NULL,1,'Es [CCO 0252 I]','Es INDEM. POR PREAVISO (Importe)',NULL,NULL,0,0,1,'0.00',2520,0,1,NULL,NULL,0,0,0,0,0,0,0,0,0,0,NULL),(231,'SAC S/ VAC NO GOZADAS','253',1,NULL,1,NULL,1,'Es [UIC P 0.083] * [CCO 0029 C] * ( [CCO 9900 T 1 2 001 001 AGU 3] / [UIC P 25] )','Es 0.083 * DIAS DE VACACIONES (Cantidad) * ( HABERES REMUNERATIVOS (Total) AGUINALDO (001 | 001, Mejor) / 25 )',NULL,NULL,0,0,0,'0.00',2530,0,1,NULL,NULL,0,0,0,0,0,0,0,0,0,0,NULL),(232,'A.no rem Dec 1273/02','350',1,NULL,1,NULL,1,'Si ( [CCO 0001 C] + [CCO 0001 C 1 2 000 000 VAR 0] ) > [UIC P 0] Entonces [CCO 0350 I] * ( ( [CCO 0001 C] + [CCO 0001 C 1 2 000 000 VAR 0] + [CCO 0015 C] + [CCO 0015 C 1 2 000 000 VAR 0] + [CCO 0011 C] + [CCO 0011 C 1 2 000 000 VAR 0] + [CCO 0021 C] + [CC','Si ( HORAS NORMALES (Cantidad) + HORAS NORMALES (Cantidad) VARIOS (000 | 000, Suma) ) > 0 Entonces A.no rem Dec 1273/02 (Importe) * ( ( HORAS NORMALES (Cantidad) + HORAS NORMALES (Cantidad) VARIOS (000 | 000, Suma) + HORAS ENFERMEDAD (Cantidad) + HORAS EN',NULL,NULL,0,1,1,'198.00',3500,1,1,NULL,NULL,0,0,0,0,0,0,0,0,0,0,NULL),(233,'Asig no rem dto 1273/02','351',1,NULL,1,NULL,1,'Es [CCO 0351 I]','Es Asig no rem dto 1273/02 (Importe)',NULL,NULL,0,0,1,'180.00',3510,1,1,NULL,NULL,0,0,0,0,0,0,0,0,0,0,NULL),(234,'A. no rem dto1347/03','352',1,NULL,1,NULL,1,'Si [CCO 0001 C] + [CCO 0001 T 1 2 000 000 VAR 0] > [UIC P 0] Entonces [CCO 0352 I] * ( ( [CCO 0001 C] + [CCO 0001 C 1 2 000 000 VAR 0] + [CCO 0011 C] + [CCO 0011 C 1 2 000 000 VAR 0] + [CCO 0015 C] + [CCO 0015 C 1 2 000 000 VAR 0] + [CCO 0020 C] + [CCO 00','Si HORAS NORMALES (Cantidad) + HORAS NORMALES (Total) VARIOS (000 | 000, Suma) > 0 Entonces A. no rem dto1347/03 (Importe) * ( ( HORAS NORMALES (Cantidad) + HORAS NORMALES (Cantidad) VARIOS (000 | 000, Suma) + HORAS FERIADO (Cantidad) + HORAS FERIADO (Can',NULL,NULL,0,0,1,'207.00',3520,1,1,NULL,NULL,0,0,0,0,0,0,0,0,0,0,NULL),(235,'A. no rem dto1347/03','353',1,NULL,1,NULL,1,'Es [CCO 0353 I]','Es A. no rem dto1347/03 (Importe)',NULL,NULL,0,0,1,'0.00',3530,1,1,NULL,NULL,0,0,0,0,0,0,0,0,0,0,NULL),(236,'A. no rem dto 2005/04','354',1,NULL,1,NULL,1,'Si [CCO 0001 C] + [CCO 0001 T 1 2 000 000 VAR 0] > [UIC P 0] Entonces [CCO 0354 I] * ( ( [CCO 0001 C] + [CCO 0001 C 1 2 000 000 VAR 0] + [CCO 0011 C] + [CCO 0011 C 1 2 000 000 VAR 0] + [CCO 0015 C] + [CCO 0015 C 1 2 000 000 VAR 0] + [CCO 0020 C] + [CCO 00','Si HORAS NORMALES (Cantidad) + HORAS NORMALES (Total) VARIOS (000 | 000, Suma) > 0 Entonces A. no rem dto 2005/04 (Importe) * ( ( HORAS NORMALES (Cantidad) + HORAS NORMALES (Cantidad) VARIOS (000 | 000, Suma) + HORAS FERIADO (Cantidad) + HORAS FERIADO (Ca',NULL,NULL,0,0,1,'198.00',3540,1,1,NULL,NULL,0,0,0,0,0,0,0,0,0,0,NULL),(237,'A. no rem dto 2005/04','355',1,NULL,1,NULL,1,'Es [CCO 0355 I]','Es A. no rem dto 2005/04 (Importe)',NULL,NULL,0,0,1,'0.00',3550,1,1,NULL,NULL,0,0,0,0,0,0,0,0,0,0,NULL),(238,'DECRETO 2005/04','356',1,NULL,1,NULL,0,'Si [CCO 0001 C] + [CCO 0015 C] > [UIC P 0] Entonces [CCO 0356 I] * ( ( [CCO 0001 C] + [CCO 0001 C 1 2 000 000 VAR 0] + [CCO 0011 C] + [CCO 0011 C 1 2 000 000 VAR 0] + [CCO 0015 C] + [CCO 0015 C 1 2 000 000 VAR 0] + [CCO 0020 C] + [CCO 0020 C 1 2 000 000 V','Si HORAS NORMALES (Cantidad) + HORAS ENFERMEDAD (Cantidad) > 0 Entonces DECRETO 2005/04 (Importe) * ( ( HORAS NORMALES (Cantidad) + HORAS NORMALES (Cantidad) VARIOS (000 | 000, Suma) + HORAS FERIADO (Cantidad) + HORAS FERIADO (Cantidad) VARIOS (000 | 000,',NULL,NULL,0,0,1,'198.00',2015,1,1,NULL,NULL,0,0,0,0,0,0,0,0,0,0,NULL),(239,'APORTE JUBILATORIO','400',1,NULL,1,NULL,2,'Es [TSR] * [CCO 0400 G]','Es Total Haberes Remunerativos * APORTE JUBILATORIO (Valor Genérico)',NULL,NULL,0,0,0,'0.11',4000,0,0,NULL,NULL,0,0,0,0,0,0,0,0,0,1,NULL),(240,'APORTE JUBILATORIO ','401',1,NULL,1,NULL,2,'Si [TSR] > [CCO 0401 G] Entonces [CCO 0401 G] * [UIC P 0.11] Sino [TSR] * [UIC P 0.11]','Si Total Haberes Remunerativos > APORTE JUBILATORIO (Valor Genérico) Entonces APORTE JUBILATORIO (Valor Genérico) * 0.11 Sino Total Haberes Remunerativos * 0.11',NULL,NULL,0,0,0,'117682.45',4010,0,0,NULL,NULL,0,0,0,0,0,0,0,0,0,1,NULL),(241,'LEY 19032','402',1,NULL,1,NULL,2,'Si [TSR] > [CCO 0402 G] Entonces [CCO 0402 G] * [UIC P 0.03] Sino [TSR] * [UIC P 0.03]','Si Total Haberes Remunerativos > LEY 19032 (Valor Genérico) Entonces LEY 19032 (Valor Genérico) * 0.03 Sino Total Haberes Remunerativos * 0.03',NULL,NULL,0,0,0,'117682.45',4020,0,0,NULL,NULL,0,0,0,0,0,0,0,0,0,1,NULL),(242,'LEY 19032','403',1,NULL,1,NULL,2,'Si [CCO 0220 T] > [UIC P 2400] Entonces [UIC P 2400] * [CCO 0403 G] Sino [CCO 0220 T] * [CCO 0403 G]','Si SAC 1ER SEMESTRE (Total) > 2400 Entonces 2400 * LEY 19032 (Valor Genérico) Sino SAC 1ER SEMESTRE (Total) * LEY 19032 (Valor Genérico)',NULL,NULL,0,0,1,'0.03',4030,2,1,NULL,NULL,1,1,1,1,0,0,0,0,0,0,NULL),(243,'O.S.EMP.COM.ACT.CIVILES','404',1,NULL,1,NULL,2,'Es [TSR] * [CCO 0404 G]','Es Total Haberes Remunerativos * O.S.EMP.COM.ACT.CIVILES (Valor Genérico)',NULL,NULL,0,0,0,'0.03',4040,0,0,NULL,NULL,0,0,0,0,0,0,0,0,0,1,NULL),(244,'OBRA SOCIAL UOM ','405',1,NULL,1,NULL,2,'Si [TSR] > [CCO 0405 G] Entonces [CCO 0405 G] * [UIC P 0.03] Sino [TSR] * [UIC P 0.03]','Si Total Haberes Remunerativos > OBRA SOCIAL UOM (Valor Genérico) Entonces OBRA SOCIAL UOM (Valor Genérico) * 0.03 Sino Total Haberes Remunerativos * 0.03',NULL,NULL,0,0,0,'117682.45',4050,0,0,NULL,NULL,0,0,0,0,0,0,1,0,0,1,NULL),(245,'OS PERS ACT CERV Y AF  ','406',1,NULL,1,NULL,2,'Si [TSR] > [CCO 0406 G] Entonces [CCO 0406 G] * [UIC P 0.03] Sino [TSR] * [UIC P 0.03]','Si Total Haberes Remunerativos > OS PERS ACT CERV Y AF (Valor Genérico) Entonces OS PERS ACT CERV Y AF (Valor Genérico) * 0.03 Sino Total Haberes Remunerativos * 0.03',NULL,NULL,0,0,0,'117682.45',4060,0,0,NULL,NULL,0,0,0,0,0,0,1,0,0,1,NULL),(246,'OSPIM','407',1,NULL,1,NULL,2,'Es [TSR] * [CCO 0407 G]','Es Total Haberes Remunerativos * OSPIM (Valor Genérico)',NULL,NULL,0,0,0,'0.03',4070,0,0,NULL,NULL,0,1,0,0,0,0,1,0,0,1,NULL),(247,'O. S. CONSTRUCCION','408',1,NULL,1,NULL,2,'Es [TSR] * [CCO 0408 G]','Es Total Haberes Remunerativos * O. S. CONSTRUCCION (Valor Genérico)',NULL,NULL,0,0,1,'0.03',4080,0,1,NULL,NULL,0,0,0,0,0,0,0,0,0,0,NULL),(248,'OS PERS.ORG.EXT','409',1,NULL,1,NULL,2,'Si [TSR] > [CCO 0409 G] Entonces [CCO 0409 G] * [UIC P 0.03] Sino [TSR] * [UIC P 0.03]','Si Total Haberes Remunerativos > OS PERS.ORG.EXT (Valor Genérico) Entonces OS PERS.ORG.EXT (Valor Genérico) * 0.03 Sino Total Haberes Remunerativos * 0.03',NULL,NULL,0,0,0,'117682.45',4090,0,0,NULL,NULL,0,0,0,0,0,0,1,0,0,1,NULL),(249,'OSPESA','410',1,NULL,1,NULL,2,'Es [TSR] * [CCO 0410 G]','Es Total Haberes Remunerativos * OSPESA (Valor Genérico)',NULL,NULL,0,0,0,'0.03',4100,0,1,NULL,NULL,0,0,0,1,0,0,1,0,0,0,NULL),(250,'O.S.del Pers. Ind. Petrolera','411',1,NULL,1,NULL,2,'Es [TSR] * [CCO 0411 G]','Es Total Haberes Remunerativos * O.S.del Pers. Ind. Petrolera (Valor Genérico)',NULL,NULL,0,0,0,'0.03',4110,0,1,NULL,NULL,0,0,0,0,0,0,0,0,0,0,NULL),(251,'OBRA SOCIAL CERV.Y AFIN','412',1,NULL,1,NULL,2,'Si [TSR] > [UIC P 2400] Entonces [UIC P 2400] * [CCO 0412 G] Sino [TSR] * [CCO 0412 G]','Si Total Haberes Remunerativos > 2400 Entonces 2400 * OBRA SOCIAL CERV.Y AFIN (Valor Genérico) Sino Total Haberes Remunerativos * OBRA SOCIAL CERV.Y AFIN (Valor Genérico)',NULL,NULL,0,0,0,'0.03',4120,1,1,NULL,NULL,1,1,1,1,0,0,0,0,0,0,NULL),(252,'O.S. COM NAVALES.','413',1,NULL,1,NULL,2,'Es [TSR] * [CCO 0413 G]','Es Total Haberes Remunerativos * O.S. COM NAVALES. (Valor Genérico)',NULL,NULL,0,0,0,'0.03',4130,0,0,NULL,NULL,0,0,0,0,0,0,0,1,0,1,NULL),(253,'OS. Del Pers.Farmacia','414',1,NULL,1,NULL,2,'Es [TSR] * [CCO 0414 G]','Es Total Haberes Remunerativos * OS. Del Pers.Farmacia (Valor Genérico)',NULL,NULL,0,0,0,'0.03',4140,0,0,NULL,NULL,0,0,0,0,0,0,0,0,0,1,NULL),(254,'APORTE SOLIDARIO ASIMRA','415',1,NULL,1,NULL,2,'Es [TSR] * [CCO 0415 G]','Es Total Haberes Remunerativos * APORTE SOLIDARIO ASIMRA (Valor Genérico)',NULL,NULL,0,0,0,'0.03',4150,0,1,NULL,NULL,0,0,1,0,0,0,0,0,0,0,NULL),(255,'C. SINDICAL AP. 2%','416',1,NULL,1,NULL,2,'Es [TSR] * [CCO 0416 G]','Es Total Haberes Remunerativos * C. SINDICAL AP. 2% (Valor Genérico)',NULL,NULL,0,0,0,'0.02',4160,0,1,NULL,NULL,0,0,0,0,0,0,0,0,0,0,NULL),(256,'OS. PERS SUP DE MERC. BENZ  ','417',1,NULL,1,NULL,2,'Si [TSR] > [CCO 0417 G] Entonces [CCO 0417 G] * [UIC P 0.03] Sino [TSR] * [UIC P 0.03]','Si Total Haberes Remunerativos > OS. PERS SUP DE MERC. BENZ (Valor Genérico) Entonces OS. PERS SUP DE MERC. BENZ (Valor Genérico) * 0.03 Sino Total Haberes Remunerativos * 0.03',NULL,NULL,0,0,0,'19070.55',4170,0,1,NULL,NULL,0,0,0,0,0,0,0,0,0,0,NULL),(257,'O.S. PLASTICO','418',1,NULL,1,NULL,2,'Es [TSR] * [CCO 0418 G]','Es Total Haberes Remunerativos * O.S. PLASTICO (Valor Genérico)',NULL,NULL,0,0,0,'0.03',4180,0,0,NULL,NULL,0,0,0,0,0,0,0,0,0,1,NULL),(258,'OS. DEL PERSONAL DEL ACA','419',1,NULL,1,NULL,2,'Es [TSR] * [UIC P 0.03]','Es Total Haberes Remunerativos * 0.03',NULL,NULL,0,0,0,'0.00',4190,0,0,NULL,NULL,0,0,0,0,0,0,0,0,0,1,NULL),(259,'SEGURO DE VIDA','420',1,NULL,1,NULL,2,'Es [CCO 0420 G]','Es SEGURO DE VIDA (Valor Genérico)',NULL,NULL,0,0,0,'200.01',4200,0,1,NULL,NULL,0,0,0,0,0,0,0,0,0,0,NULL),(260,'AJUSTE SEG VIDA ASIMRA','421',1,NULL,1,NULL,2,'Es [CCO 0421 G]','Es AJUSTE SEG VIDA ASIMRA (Valor Genérico)',NULL,NULL,0,0,0,'15.00',4210,0,1,NULL,NULL,0,0,0,0,0,0,0,0,0,0,NULL),(261,'OS.COM.NAVALES','422',1,NULL,1,NULL,2,'Es [TSR] * [CCO 0422 G]','Es Total Haberes Remunerativos * OS.COM.NAVALES (Valor Genérico)',NULL,NULL,0,0,0,'0.03',4220,0,1,NULL,NULL,0,0,0,0,0,0,1,1,0,0,NULL),(262,'O.SOC. MEDICOS','423',1,NULL,1,NULL,2,'Es [TSR] * [CCO 0423 G]','Es Total Haberes Remunerativos * O.SOC. MEDICOS (Valor Genérico)',NULL,NULL,0,0,0,'0.03',4230,0,0,NULL,NULL,0,0,0,0,0,0,0,1,0,1,NULL),(263,'OSDE','424',1,NULL,1,NULL,2,'Es [TSR] * [CCO 0424 G]','Es Total Haberes Remunerativos * OSDE (Valor Genérico)',NULL,NULL,0,0,0,'0.03',4240,0,0,NULL,NULL,0,0,0,0,0,0,0,1,0,1,NULL),(264,'SEG. VIDA ASIMRA','425',1,NULL,1,NULL,2,'Es [CCO 0425 G]','Es SEG. VIDA ASIMRA (Valor Genérico)',NULL,NULL,0,0,0,'215.00',4250,0,1,NULL,NULL,0,1,1,0,0,0,0,0,0,0,NULL),(265,'AJUSTE SEGURO DE VIDA','426',1,NULL,1,NULL,2,'Es [CCO 0426 G]','Es AJUSTE SEGURO DE VIDA (Valor Genérico)',NULL,NULL,0,0,0,'15.00',4260,0,0,NULL,NULL,0,0,0,0,0,0,0,0,0,1,NULL),(266,'IMPORTE ADICIONAL O.S.','427',1,NULL,1,NULL,2,'Es [CCO 0427 G] * ( [CCO 0427 I] - [TSR] )','Es IMPORTE ADICIONAL O.S. (Valor Genérico) * ( IMPORTE ADICIONAL O.S. (Importe) - Total Haberes Remunerativos )',NULL,NULL,0,0,1,'0.03',4270,0,1,NULL,NULL,0,0,0,0,0,0,0,1,0,0,NULL),(267,'O.S. EMP DE AG DE INF.','428',1,NULL,1,NULL,2,'Es [TSR] * [UIC P 0.03]','Es Total Haberes Remunerativos * 0.03',NULL,NULL,0,0,0,'0.00',4280,0,0,NULL,NULL,0,0,0,0,0,0,0,1,0,1,NULL),(268,'O.S. PERS DIR. IND METALURG','429',1,NULL,1,NULL,2,'Es [TSR] * [UIC P 0.03]','Es Total Haberes Remunerativos * 0.03',NULL,NULL,0,0,0,'0.00',4290,0,0,NULL,NULL,0,0,0,0,0,0,0,1,0,1,NULL),(269,'RETENCION GANANCIAS','430',1,NULL,1,NULL,2,'Es [CCO 0430 I]','Es RETENCION GANANCIAS (Importe)',NULL,NULL,0,0,1,'0.00',4300,0,1,NULL,NULL,0,0,0,0,0,0,0,0,0,0,NULL),(270,'DEV.IMP GCIAS','431',1,NULL,1,NULL,1,'Es [CCO 0431 I]','Es DEV.IMP GCIAS (Importe)',NULL,NULL,0,0,1,'0.00',4310,2,1,NULL,NULL,0,0,0,0,0,0,0,0,0,0,NULL),(271,'AJUSTE REM','480',1,NULL,1,NULL,0,'Es [CCO 0480 I] * [UIC N 1]','Es AJUSTE REM (Importe) * (-1)',NULL,NULL,0,0,1,'0.00',3900,2,0,NULL,NULL,0,0,0,0,0,0,0,0,0,1,NULL),(272,'AJUSTE ASIG. FLIAR','490',1,NULL,1,NULL,3,'Es [CCO 0490 I] * [UIC N 1]','Es AJUSTE ASIG. FLIAR (Importe) * (-1)',NULL,NULL,0,0,1,'0.00',4900,0,1,NULL,NULL,0,0,0,0,0,0,0,0,0,0,NULL),(273,'LIC. POR MATERNIDAD','499',1,NULL,1,NULL,3,'Es ( [SJO] / [UIC P 30] ) * [CCO 0499 C] * ( [UIC P 1] + [ANT AEA] * [CCO 0499 G] )','Es ( Sueldo o Jornal / 30 ) * LIC. POR MATERNIDAD (Cantidad) * ( 1 + Antigüedad (en años) * LIC. POR MATERNIDAD (Valor Genérico) )',NULL,NULL,1,0,1,'0.01',4990,0,1,NULL,NULL,1,0,0,0,0,0,0,1,0,0,NULL),(274,'Promedio salario','500',1,NULL,1,NULL,6,'Es [CCO 9900 T 1 2 001 006 VAR 1]','Es HABERES REMUNERATIVOS (Total) VARIOS (001 | 006, Promedio A)',NULL,NULL,0,0,0,'0.00',5000,0,1,NULL,NULL,0,0,0,0,0,0,0,0,0,0,NULL),(275,'ASIGNACION FAMILIAR','501',1,NULL,1,NULL,3,'Es [CCO 0501 I]','Es ASIGNACION FAMILIAR (Importe)',NULL,NULL,1,0,1,'0.00',5010,0,1,NULL,NULL,0,0,0,0,0,0,0,0,0,0,NULL),(276,'ASIGNACION FAMILIAR','502',1,NULL,1,NULL,3,'Es [CCO 0502 C] * [MAT HIJ N]:  [CCO 9910 T]','Es ASIGNACION FAMILIAR (Cantidad) * HIJ :   SUMA PARA ASIG (Total)',NULL,NULL,1,0,0,'0.00',5020,1,1,NULL,NULL,0,0,0,0,0,0,0,0,0,0,NULL),(277,'ASIGNACION HIJO DISCAPACITADO','503',1,NULL,1,NULL,3,'Es [CCO 0503 C] * [MAT HID N]:  [CCO 0500 T]','Es ASIGNACION HIJO DISCAPACITADO (Cantidad) * HID :   Promedio salario (Total)',NULL,NULL,1,0,0,'0.00',5030,0,1,NULL,NULL,0,0,0,0,0,0,0,0,0,0,NULL),(278,'ASIGNACION HIJO DISCAPACITADO','504',1,NULL,1,NULL,3,'Es [CCO 0504 I]','Es ASIGNACION HIJO DISCAPACITADO (Importe)',NULL,NULL,1,0,1,'0.00',5040,1,1,NULL,NULL,0,0,0,0,0,0,0,0,0,0,NULL),(279,'ASIGNACION   PRENATAL','505',1,NULL,1,NULL,3,'Es [CCO 0505 I]','Es ASIGNACION   PRENATAL (Importe)',NULL,NULL,0,0,1,'0.00',5050,1,1,NULL,NULL,0,0,0,0,0,0,0,0,0,0,NULL),(280,'AYUDA ESCOLAR','506',1,NULL,1,NULL,3,'Es [CCO 0506 G] * [CCO 0506 C]','Es AYUDA ESCOLAR (Valor Genérico) * AYUDA ESCOLAR (Cantidad)',NULL,NULL,1,0,0,'170.00',5060,0,1,NULL,NULL,0,0,0,0,0,0,0,0,0,0,NULL),(281,'A.FLIAR PRENATAL MES ANT','507',1,NULL,1,NULL,1,'Es [CCO 0507 I]','Es A.FLIAR PRENATAL MES ANT (Importe)',NULL,NULL,0,0,1,'0.00',5070,2,1,NULL,NULL,0,0,0,0,0,0,0,0,0,0,NULL),(282,'AJUSTE  APORTE JUBILATORIO ','508',1,NULL,1,NULL,1,'Es [CCO 0508 I]','Es AJUSTE  APORTE JUBILATORIO (Importe)',NULL,NULL,0,0,1,'0.00',5080,2,1,NULL,NULL,0,0,0,0,0,0,0,0,0,0,NULL),(283,'ADELANTO ','509',1,NULL,1,NULL,1,'Es [CCO 0509 I]','Es ADELANTO (Importe)',NULL,NULL,0,0,1,'0.00',5090,2,1,NULL,NULL,0,0,0,0,0,0,0,0,0,0,NULL),(284,'VACACIONES NO GOZADAS JORNAL','510',1,NULL,1,NULL,1,'Es ( [SJO] * [UIC P 9] * [CCO 0029 C] ) * [UIC P 1.083] * ( [ANT AEA] * [CCO 0510 G] + [UIC P 1] )','Es ( Sueldo o Jornal * 9 * DIAS DE VACACIONES (Cantidad) ) * 1.083 * ( Antigüedad (en años) * VACACIONES NO GOZADAS JORNAL (Valor Genérico) + 1 )',NULL,NULL,0,0,0,'0.01',5100,0,1,NULL,NULL,0,1,0,0,0,0,0,0,0,0,NULL),(285,'VACACIONES NO GOZADAS MENSUAL','511',1,NULL,1,NULL,1,'Es [CCO 9900 T 1 1 07 10 VAR 3] / [UIC P 25] * [UIC P 1.0833] * [CCO 0029 C]','Es HABERES REMUNERATIVOS (Total) VARIOS (Jul | Oct, Mejor) / 25 * 1.0833 * DIAS DE VACACIONES (Cantidad)',NULL,NULL,0,0,0,'0.00',5110,0,1,NULL,NULL,0,1,0,0,0,0,0,0,0,0,NULL),(286,'VACACIONES NO GOZADAS','512',1,NULL,1,NULL,1,'Es [CCO 0512 I]','Es VACACIONES NO GOZADAS (Importe)',NULL,NULL,0,0,1,'0.00',5120,0,1,NULL,NULL,0,0,0,0,0,0,0,0,0,0,NULL),(287,'AJUSTE AYUDA ESCOLAR','530',1,NULL,1,NULL,1,'Es [CCO 0530 C] * [CCO 0530 G] * ( [UIC N 1] )','Es AJUSTE AYUDA ESCOLAR (Cantidad) * AJUSTE AYUDA ESCOLAR (Valor Genérico) * ( (-1) )',NULL,NULL,1,0,0,'170.00',5300,0,0,NULL,NULL,0,0,0,0,0,0,0,1,0,1,NULL),(288,'INDEMNIZACION POR DESP','550',1,NULL,1,NULL,1,'Es [CCO 0550 I]','Es INDEMNIZACION POR DESP (Importe)',NULL,NULL,0,0,1,'0.00',5500,0,1,NULL,NULL,0,0,0,0,0,0,0,0,0,0,NULL),(289,'INTEGRACION DEL MES','551',1,NULL,1,NULL,1,'Es [CCO 0551 I]','Es INTEGRACION DEL MES (Importe)',NULL,NULL,0,0,1,'0.00',5510,0,1,NULL,NULL,0,0,0,0,0,0,0,0,0,0,NULL),(290,'INDEMN. PREAVISO','553',1,NULL,1,NULL,1,'Es [CCO 0553 I]','Es INDEMN. PREAVISO (Importe)',NULL,NULL,0,0,1,'0.00',5530,0,1,NULL,NULL,0,0,0,0,0,0,0,0,0,0,NULL),(291,'SAC/S VAC NO GOZ','554',1,NULL,1,NULL,1,'Es [CCO 0554 I]','Es SAC/S VAC NO GOZ (Importe)',NULL,NULL,0,0,1,'0.00',5540,0,1,NULL,NULL,0,0,0,0,0,0,0,0,0,0,NULL),(292,'SAC S/INTEGRAC.','555',1,NULL,1,NULL,1,'Es [CCO 0555 I]','Es SAC S/INTEGRAC. (Importe)',NULL,NULL,0,0,1,'0.00',5550,0,1,NULL,NULL,0,0,0,0,0,0,0,0,0,0,NULL),(293,'SAC S/IND PREAV.','556',1,NULL,1,NULL,1,'Es [CCO 0556 I]','Es SAC S/IND PREAV. (Importe)',NULL,NULL,0,0,1,'0.00',5560,0,1,NULL,NULL,0,0,0,0,0,0,0,0,0,0,NULL),(294,'Penalización ley','560',1,NULL,1,NULL,1,'Es [CCO 0560 I]','Es Penalización ley (Importe)',NULL,NULL,0,0,1,'0.00',5600,0,1,NULL,NULL,0,0,0,0,0,0,0,0,0,0,NULL),(295,'RETENCION JUDICIAL','570',1,NULL,1,NULL,1,'Es [CCO 0570 I] * [UIC N 1]','Es RETENCION JUDICIAL (Importe) * (-1)',NULL,NULL,0,0,1,'0.00',5700,0,1,NULL,NULL,0,0,0,0,0,0,0,0,0,0,NULL),(296,'RETENCION JUDICIAL MES ANT','571',1,NULL,1,NULL,2,'Es [CCO 0571 I]','Es RETENCION JUDICIAL MES ANT (Importe)',NULL,NULL,0,0,1,'0.00',5710,2,1,NULL,NULL,0,0,0,0,0,0,0,0,0,0,NULL),(297,'GRAT. EXT. UOM 19/05/2011','580',1,NULL,1,NULL,1,'Es [CCO 0580 I]','Es GRAT. EXT. UOM 19/05/2011 (Importe)',NULL,NULL,0,0,1,'300.00',5800,2,0,NULL,NULL,0,0,0,0,0,0,0,0,0,1,NULL),(298,'GRAT.EXT. 2019','581',1,NULL,1,NULL,1,'Es [CCO 0581 I]','Es GRAT.EXT. 2019 (Importe)',NULL,NULL,0,0,1,'4000.00',5810,2,0,NULL,NULL,0,0,0,0,0,0,0,0,0,1,NULL),(299,'GRATIF.EXT.ASIMRA','582',1,NULL,1,NULL,1,'Es [CCO 0582 G]','Es GRATIF.EXT.ASIMRA (Valor Genérico)',NULL,NULL,0,0,0,'2000.00',5820,2,1,NULL,NULL,0,0,0,1,0,0,0,0,0,0,NULL),(300,'BONO DECR. 1043/2018 2º Cuota','583',1,NULL,1,NULL,1,'Es [CCO 0583 I]','Es BONO DECR. 1043/2018 1º Cuota (Importe)',NULL,NULL,0,0,1,'2500.00',5830,2,0,NULL,NULL,0,0,0,0,0,0,0,0,0,1,NULL),(301,'O.SOC.GRAT.NR 05/08/09','584',1,NULL,1,NULL,2,'Es [CCO 0584 G] * [CCO 0580 T]','Es O.SOC.GRAT.NR 05/08/09 (Valor Genérico) * GRAT. EXT. UOM 19/05/2011 (Total)',NULL,NULL,0,0,0,'0.03',5840,0,0,NULL,NULL,0,0,0,0,0,0,0,0,0,1,NULL),(302,'OBRA  SOCIAL   GRAT EXT','585',1,NULL,1,NULL,2,'Es [CCO 0585 G] * [CCO 0581 T]','Es OBRA  SOCIAL   GRAT EXT (Valor Genérico) * GRAT.EXT. 2019 (Total)',NULL,NULL,0,0,0,'0.03',5850,0,0,NULL,NULL,0,0,0,0,0,0,0,1,0,1,NULL),(303,'GRAT.EXT UOM 2017 2º CUOTA','586',1,NULL,1,NULL,1,'Es [CCO 0586 I]','Es GRAT.EXT UOM 2017 1º CUOTA (Importe)',NULL,NULL,0,0,1,'2000.00',5860,0,0,NULL,NULL,0,0,0,0,0,0,0,1,0,1,NULL),(304,'O SOC ext.grat uom ','587',1,NULL,1,NULL,2,'Es [CCO 0586 T] * [UIC P 0.03]','Es GRAT.EXT UOM (Total) * 0.03',NULL,NULL,0,0,0,'0.00',5870,0,0,NULL,NULL,0,0,0,0,0,0,0,1,0,1,NULL),(305,'A CTA FUT AUM ','588',1,NULL,1,NULL,1,'Es [SJO] * ( [UIC P 1] + [ANT AEA] * [UIC P 0.01] ) * [CCO 0588 C] * [CCO 0588 U]','Es Sueldo o Jornal * ( 1 + Antigüedad (en años) * 0.01 ) * A CTA FUT AUM (Cantidad) * A CTA FUT AUM (Valor Unitario)',NULL,NULL,1,1,1,'0.00',5880,0,0,NULL,NULL,0,0,0,0,0,0,0,1,0,1,NULL),(306,'O.SOC NO REM','589',1,NULL,1,NULL,2,'Es [CCO 0588 T] * [UIC P 0.03]','Es A CTA FUT AUM (Total) * 0.03',NULL,NULL,0,0,0,'0.00',5890,0,0,NULL,NULL,0,0,0,0,0,0,0,1,0,1,NULL),(307,'CUOTA PRESTAMO 2017','590',1,NULL,1,NULL,1,'Es [CCO 0590 G]','Es GRATIFICACION PRODUCCION 2018 (Valor Genérico)',NULL,NULL,0,0,0,'2000.00',590,0,0,NULL,NULL,0,0,0,0,0,0,0,1,0,1,NULL),(308,'GRATIF PROD 2018','591',1,NULL,1,NULL,0,'Es [CCO 0591 I]','Es GRATIF PROD 2017 (Importe)',NULL,NULL,0,0,1,'0.00',3999,0,0,NULL,NULL,0,0,0,0,0,0,0,1,0,1,NULL),(309,'GRATIFICACION','592',1,NULL,1,NULL,1,'Es [CCO 0592 I]','Es GRATIFICACION (Importe)',NULL,NULL,0,0,1,'0.00',5920,0,0,NULL,NULL,0,0,0,0,0,0,0,1,0,1,NULL),(310,'GRATIFICACION PRODUCCION 2018','593',1,NULL,1,NULL,0,'Es [CCO 0593 I]','Es GRATIFICACION PRODUCCION 2018 (Importe)',NULL,NULL,0,0,1,'0.00',5930,0,0,NULL,NULL,0,0,0,0,0,0,0,1,0,1,NULL),(311,'GRATIF PRODUCCION 2018 MENSUAL','594',1,NULL,1,NULL,0,'Es [CCO 0594 I]','Es GRATIF PRODUCCION 2018 MENSUAL (Importe)',NULL,NULL,0,0,1,'0.00',5940,0,0,NULL,NULL,0,0,0,0,0,0,0,1,0,1,NULL),(312,'Contribución jubilación','600',1,NULL,1,NULL,4,'Es [TSR] * [TAU CON C1] / [UIC P 100]','Es Total Haberes Remunerativos * Contribución (Jubilación)  / 100',NULL,NULL,0,0,0,'0.00',6000,0,0,NULL,NULL,0,0,0,0,0,0,0,0,0,1,NULL),(313,'Contribución Asig.fliar','610',1,NULL,1,NULL,4,'Es [TSR] * [TAU CON C3] / [UIC P 100]','Es Total Haberes Remunerativos * Contribución (Asig.fliar)  / 100',NULL,NULL,0,0,0,'0.00',6100,0,0,NULL,NULL,0,0,0,0,0,0,0,0,0,1,NULL),(314,'Contribución Fondo','620',1,NULL,1,NULL,4,'Es [TSR] * [TAU CON C5] / [UIC P 100]','Es Total Haberes Remunerativos * Contribución (Fdo desempl)  / 100',NULL,NULL,0,0,0,'0.00',6200,0,0,NULL,NULL,0,0,0,0,0,0,0,0,0,1,NULL),(315,'Contribución Inssjp','630',1,NULL,1,NULL,4,'Es [TSR] * [TAU CON C4] / [UIC P 100]','Es Total Haberes Remunerativos * Contribución (Inssjp)  / 100',NULL,NULL,0,0,0,'0.00',6300,0,0,NULL,NULL,0,0,0,0,0,0,0,0,0,1,NULL),(316,'Contribución Obra social','640',1,NULL,1,NULL,4,'Es [TSR] * [TAU CON C2] / [UIC P 100] * [TAU ANS C1]','Es Total Haberes Remunerativos * Contribución (Obra social)  / 100 * anssal (%anssal) ',NULL,NULL,0,0,0,'0.00',6400,0,0,NULL,NULL,0,0,0,0,0,0,0,0,0,1,NULL),(317,'Contirbución Anssal','650',1,NULL,1,NULL,4,'Es [TSR] * [TAU CON C2] / [UIC P 100] * ( [UIC P 1] - [TAU ANS C1] )','Es Total Haberes Remunerativos * Contribución (Obra social)  / 100 * ( 1 - anssal (%anssal)  )',NULL,NULL,0,0,0,'0.00',6500,0,0,NULL,NULL,0,0,0,0,0,0,0,0,0,1,NULL),(318,'PRESTAMO','690',1,NULL,1,NULL,1,'Es [CCO 0690 I]','Es PRESTAMO (Importe)',NULL,NULL,0,0,1,'0.00',6900,0,0,NULL,NULL,0,0,0,0,0,0,0,1,0,1,NULL),(319,'ADELANTO','700',1,NULL,1,NULL,1,'Es [CCO 0700 I] * [UIC N 1]','Es ADELANTO (Importe) * (-1)',NULL,NULL,0,0,1,'0.00',7000,0,0,NULL,NULL,0,0,0,0,0,0,0,0,0,1,NULL),(320,'Base a cta no rem','800',1,NULL,1,NULL,6,'Es [CCO 0001 T] + [CCO 0011 T]','Es HORAS NORMALES (Total) + HORAS FERIADO (Total)',NULL,NULL,0,0,0,'0.00',8000,0,0,NULL,NULL,0,0,0,0,0,0,0,1,0,1,NULL),(321,'HABERES REMUNERATIVOS','9900',1,NULL,1,NULL,6,'Es [TSR]','Es Total Haberes Remunerativos',NULL,NULL,0,0,0,'0.00',99000,0,0,NULL,NULL,0,0,0,0,0,0,0,0,0,1,NULL),(322,'HABERES NO REMUNERATIVOS','9902',1,NULL,1,NULL,6,'Es [THE]','Es Total Haberes No Remunerativos',NULL,NULL,0,0,0,'0.00',99020,0,0,NULL,NULL,0,0,0,0,0,0,0,0,0,1,NULL),(323,'SALARIO FAMILIAR','9904',1,NULL,1,NULL,6,'Es [TSF]','Es Total Salario Familiar',NULL,NULL,0,0,0,'0.00',99040,0,0,NULL,NULL,0,0,0,0,0,0,0,0,0,1,NULL),(324,'REMUNERATIVO MENSUAL','9905',1,NULL,1,NULL,6,'Es [TSR] + [CCO 9900 T 1 2 000 001 SAL 0]','Es Total Haberes Remunerativos + HABERES REMUNERATIVOS (Total) SALARIO (000 | 001, Suma)',NULL,NULL,0,0,0,'0.00',99050,0,1,NULL,NULL,0,0,0,0,0,0,0,0,0,0,NULL),(325,'RETENCIONES','9906',1,NULL,1,NULL,6,'Es [TRE]','Es Total Retenciones',NULL,NULL,0,0,0,'0.00',99060,0,0,NULL,NULL,0,0,0,0,0,0,0,0,0,1,NULL),(326,'SUMA PARA ASIG','9910',1,NULL,1,NULL,6,'Es ( [TSR] + [CCO 9900 T 1 2 000 000 SAL 0] )','Es ( Total Haberes Remunerativos + HABERES REMUNERATIVOS (Total) SALARIO (000 | 000, Suma) )',NULL,NULL,0,0,0,'0.00',5005,0,1,NULL,NULL,0,0,0,0,0,0,0,0,0,0,NULL);

/*Data for the table `rrhh_concepto_area` */

/*Data for the table `rrhh_concepto_categoria` */
delete from rrhh_concepto_categoria;
insert  into `rrhh_concepto_categoria`(`id`,`id_rrhh_concepto`,`id_rrhh_categoria`) values (2,242,105),(3,251,105),(4,254,105),(5,254,106),(6,264,96),(7,264,105),(8,264,106),(9,264,107);

/*Data for the table `rrhh_concepto_clase_legajo` */
delete from rrhh_concepto_clase_legajo;
insert  into `rrhh_concepto_clase_legajo`(`id`,`id_rrhh_concepto`,`id_rrhh_clase_legajo`) values (1,164,1),(2,165,1),(3,173,1),(4,174,1),(5,175,1),(6,176,1),(7,180,1),(8,182,1),(9,183,1),(10,186,1),(11,246,1),(12,284,1),(16,189,2),(17,190,2),(18,191,2),(19,192,2),(20,193,2),(21,195,2),(22,197,2),(23,198,2),(24,199,2),(25,200,2),(26,201,2),(27,242,2),(28,251,2),(29,264,2),(30,285,2);

/*Data for the table `rrhh_concepto_F931_base_calculo_afip` */

/*Data for the table `rrhh_concepto_F931_concepto_afip` */

/*Data for the table `rrhh_concepto_obra_social` */

/*Data for the table `rrhh_concepto_persona_estado_civil` */

/*Data for the table `rrhh_concepto_persona_sexo` */
delete from rrhh_concepto_persona_sexo;
insert  into `rrhh_concepto_persona_sexo`(`id`,`id_rrhh_concepto`,`id_persona_sexo`) values (1,242,1),(2,251,1),(3,273,2);

/*Data for the table `rrhh_concepto_sindicato` */
delete from rrhh_concepto_sindicato;
insert  into `rrhh_concepto_sindicato`(`id`,`id_rrhh_concepto`,`id_rrhh_sindicato`) values (1,242,2),(2,249,3),(3,251,2),(4,299,2);

/*Data for the table `rrhh_concepto_tipo_liquidacion` */
delete from rrhh_concepto_tipo_liquidacion;
insert  into `rrhh_concepto_tipo_liquidacion`(`id`,`id_rrhh_concepto`,`id_rrhh_tipo_liquidacion`) values (1,164,2),(2,164,3),(3,164,5),(4,165,3),(5,165,5),(6,166,3),(7,173,3),(8,173,5),(9,174,3),(10,174,5),(11,175,3),(12,175,5),(13,176,3),(14,176,5),(15,178,3),(16,178,5),(17,179,3),(18,179,5),(19,180,3),(20,180,5),(21,181,3),(22,181,5),(23,182,3),(24,182,5),(25,185,2),(26,185,6),(27,186,6),(28,187,6),(29,188,5),(30,189,2),(31,189,5),(32,190,5),(33,191,5),(34,192,5),(35,193,5),(36,195,6),(37,197,5),(38,198,5),(39,199,5),(40,200,3),(41,200,5),(42,201,5),(43,209,5),(44,211,3),(45,211,5),(46,211,6),(47,212,3),(48,212,5),(49,214,5),(50,215,5),(51,217,3),(52,217,5),(53,217,6),(54,225,4),(55,226,4),(56,227,2),(57,228,2),(58,228,4),(59,229,2),(60,230,2),(61,231,2),(62,232,5),(63,233,5),(64,234,5),(65,235,5),(66,236,5),(67,237,5),(68,238,5),(69,242,4),(70,247,3),(71,247,4),(72,247,5),(73,247,6),(74,249,3),(75,249,4),(76,249,5),(77,249,6),(78,250,3),(79,250,5),(80,251,4),(81,254,2),(82,254,4),(83,254,5),(84,254,6),(85,255,2),(86,255,3),(87,255,4),(88,255,5),(89,255,6),(90,256,2),(91,256,3),(92,256,4),(93,256,5),(94,256,6),(95,259,5),(96,260,5),(97,261,5),(98,264,5),(99,266,3),(100,266,5),(101,269,5),(102,270,5),(103,272,5),(104,273,5),(105,274,5),(106,275,5),(107,276,5),(108,276,6),(109,277,5),(110,278,5),(111,279,5),(112,280,1),(113,280,5),(114,281,5),(115,282,5),(116,283,5),(117,284,2),(118,285,2),(119,286,2),(120,288,2),(121,289,2),(122,290,2),(123,291,2),(124,292,4),(125,293,2),(126,294,2),(127,295,5),(128,296,5),(129,299,5),(130,324,3),(131,324,5),(132,326,3),(133,326,5);

/*Data for the table `rrhh_condicion_sicoss` */
delete from rrhh_condicion_sicoss;
insert  into `rrhh_condicion_sicoss`(`id`,`d_rrhh_condicion_sicoss`,`codigo`) values (1,'Jubilado Decreto N 894/01 y/o Dec 2288/02',0),(2,'Servicios Comunes Mayor de 18 Años',1),(3,'Jubilado',2),(4,'Menor',3),(5,'Menor Anterior',4),(6,'Servicios Diferenciados Mayor de 18 Años',5),(7,'Sin Servicios Reales',6),(8,'Medida de no Innovar, Servicios Comunes',7),(9,'Medida de no Innovar, Servicios Diferenciados',8),(10,'Jubilado Decreto nro 206/00',9),(11,'Pensión (NO SIPA)',10),(12,'Pensión no Contributiva (NO SIPA)',11);

/*Data for the table `rrhh_conjunto_concepto` */

/*Data for the table `rrhh_conjunto_concepto_item` */

/*Data for the table `rrhh_convenio` */
delete from rrhh_convenio;
insert  into `rrhh_convenio`(`id`,`d_rrhh_convenio`,`activo`,`duracion_mes`) values (1,'UOM',NULL,NULL),(2,'ASIMRA',NULL,NULL);

/*Data for the table `rrhh_F931_bases_calculo_afip` */
delete from rrhh_F931_bases_calculo_afip;
insert  into `rrhh_F931_bases_calculo_afip`(`id`,`id_F931_tipo_concepto`,`d_rrhh_F931_bases_calculo`) values (1,1,'Sistema Previsional Argentino - SIPA - Aporte'),(2,1,'Sistema Previsional Argentino - SIPA - Contribuciones'),(3,1,'INSSJyP - Aporte'),(4,1,'INSSJyP- Contribuciones'),(5,1,'Obra Social - Aporte'),(6,1,'Obra Social - Contribuciones'),(7,1,'Fondo Solidario de Redistribución (ex ANSSAL) - Aporte'),(8,1,'Fondo Solidario de Redistribución (ex ANSSAL) - Contribuciones'),(9,1,'RENATEA (ex RENATRE) - Aporte'),(10,1,'RENATEA (ex RENATRE) - Contribuciones'),(12,1,'Asignaciones Familiares - Contribuciones'),(14,1,'Fondo Nacional de Empleo - Contribuciones'),(16,1,'Ley de Riesgos del Trabajo - Contribuciones'),(17,1,'Seguro Colectivo de Vida Obligatorio - Aporte'),(18,1,'Seguro Colectivo de Vida Obligatorio - Contribuciones'),(19,1,'Regímenes Diferenciales - Aporte'),(21,1,'Regímenes Especiales - Aporte');

/*Data for the table `rrhh_F931_bases_calculo_afip_default` */
delete from rrhh_F931_bases_calculo_afip_default;
insert  into `rrhh_F931_bases_calculo_afip_default`(`id`,`codigo`,`codigo_desde`,`codigo_hasta`,`id_rrhh_F931_bases_calculo_afip`,`estado`,`modificado`) values (158,0,110000,499999,1,1,0),(159,0,500000,519999,1,0,1),(160,0,520000,529000,1,0,0),(161,0,530000,539000,1,0,0),(162,0,540000,549000,1,0,0),(163,0,550000,559999,1,0,1),(164,0,799999,820000,1,0,0),(165,0,820001,821000,1,0,0),(166,0,110000,499999,2,1,0),(167,0,500000,519999,2,0,1),(168,0,520000,529000,2,0,0),(169,0,530000,539000,2,0,0),(170,0,540000,549000,2,0,0),(171,0,550000,559999,2,0,1),(172,0,799999,820000,2,0,0),(173,0,820001,821000,2,0,0),(174,0,110000,499999,3,1,0),(175,0,500000,519999,3,0,1),(176,0,520000,529000,3,0,0),(177,0,530000,539000,3,0,0),(178,0,540000,549000,3,0,0),(179,0,550000,559999,3,0,1),(180,0,799999,820000,3,0,0),(181,0,820001,821000,3,0,0),(182,0,110000,499999,4,1,0),(183,0,500000,519999,4,0,1),(184,0,520000,529000,4,0,0),(185,0,530000,539000,4,0,0),(186,0,540000,549000,4,0,0),(187,0,550000,559999,4,0,1),(188,0,799999,820000,4,0,0),(189,0,820001,821000,4,0,0),(190,0,110000,499999,5,1,0),(191,0,500000,519999,5,0,1),(192,0,520000,529000,5,0,0),(193,0,530000,539000,5,1,0),(194,0,540000,549000,5,1,0),(195,0,550000,559999,5,0,1),(196,0,799999,820000,5,0,0),(197,0,820001,821000,5,0,0),(198,0,110000,499999,6,1,0),(199,0,500000,519999,6,0,1),(200,0,520000,529000,6,0,0),(201,0,530000,539000,6,0,0),(202,0,540000,549000,6,1,0),(203,0,550000,559999,6,0,1),(204,0,799999,820000,6,0,0),(205,0,820001,821000,6,0,0),(206,0,110000,499999,7,1,0),(207,0,500000,519999,7,0,1),(208,0,520000,529000,7,0,0),(209,0,530000,539000,7,1,0),(210,0,540000,549000,7,1,0),(211,0,550000,559999,7,0,1),(212,0,799999,820000,7,0,0),(213,0,820001,821000,7,0,0),(214,0,110000,499999,8,1,0),(215,0,500000,519999,8,0,1),(216,0,520000,529000,8,0,0),(217,0,530000,539000,8,0,0),(218,0,540000,549000,8,1,0),(219,0,550000,559999,8,0,1),(220,0,799999,820000,8,0,0),(221,0,820001,821000,8,0,0),(222,0,110000,499999,9,1,0),(223,0,500000,519999,9,0,1),(224,0,520000,529000,9,0,0),(225,0,530000,539000,9,0,0),(226,0,540000,549000,9,0,0),(227,0,550000,559999,9,0,1),(228,0,799999,820000,9,0,0),(229,0,820001,821000,9,0,0),(230,0,110000,499999,10,1,0),(231,0,500000,519999,10,0,1),(232,0,520000,529000,10,0,0),(233,0,530000,539000,10,0,0),(234,0,540000,549000,10,0,0),(235,0,550000,559999,10,0,1),(236,0,799999,820000,10,0,0),(237,0,820001,821000,10,0,0),(238,0,110000,499999,12,1,0),(239,0,500000,519999,12,0,1),(240,0,520000,529000,12,0,0),(241,0,530000,539000,12,0,0),(242,0,540000,549000,12,0,0),(243,0,550000,559999,12,0,1),(244,0,799999,820000,12,0,0),(245,0,820001,821000,12,0,0),(246,0,110000,499999,14,1,0),(247,0,500000,519999,14,0,1),(248,0,520000,529000,14,0,0),(249,0,530000,539000,14,0,0),(250,0,540000,549000,14,0,0),(251,0,550000,559999,14,0,1),(252,0,799999,820000,14,0,0),(253,0,820001,821000,14,0,0),(254,0,110000,499999,16,1,0),(255,0,500000,519999,16,0,1),(256,0,520000,529000,16,0,0),(257,0,530000,539000,16,0,0),(258,0,540000,549000,16,0,0),(259,0,550000,559999,16,0,1),(260,0,799999,820000,16,0,0),(261,0,820001,821000,16,0,0),(262,0,110000,499999,17,0,0),(263,0,500000,519999,17,0,1),(264,0,520000,529000,17,0,0),(265,0,530000,539000,17,0,0),(266,0,540000,549000,17,0,0),(267,0,550000,559999,17,0,1),(268,0,799999,820000,17,0,0),(269,0,820001,821000,17,0,0),(270,0,110000,499999,18,0,0),(271,0,500000,519999,18,0,1),(272,0,520000,529000,18,0,0),(273,0,530000,539000,18,0,0),(274,0,540000,549000,18,0,0),(275,0,550000,559999,18,0,1),(276,0,799999,820000,18,0,0),(277,0,820001,821000,18,0,0),(278,0,110000,499999,19,0,0),(279,0,500000,519999,19,0,1),(280,0,520000,529000,19,0,0),(281,0,530000,539000,19,0,0),(282,0,540000,549000,19,0,0),(283,0,550000,559999,19,0,1),(284,0,799999,820000,19,0,0),(285,0,820001,821000,19,0,0),(286,0,110000,499999,21,0,0),(287,0,500000,519999,21,0,1),(288,0,520000,529000,21,0,0),(289,0,530000,539000,21,0,0),(290,0,540000,549000,21,0,0),(291,0,550000,559999,21,0,1),(292,0,799999,820000,21,0,0),(293,0,820001,821000,21,0,0);

/*Data for the table `rrhh_F931_concepto_afip` */
delete from rrhh_F931_concepto_afip;
insert  into `rrhh_F931_concepto_afip`(`id`,`d_rrhh_concepto`,`codigo`,`f931_tipo_concepto`,`ful_codigo`) values (1,'Sueldo',110000,1,0),(2,'Preaviso',110001,1,0),(3,'Remuneraciones en especie',110002,1,0),(4,'Comida',110003,1,0),(5,'Habitación',110004,1,0),(6,'Licencias por estudio',110005,1,0),(7,'Donación de sangre',110006,1,0),(8,'Feriado',110007,1,0),(9,'Prest. Dineraria Ley 24577 (primeros 10d)',110008,1,0),(10,'Prest. Dineraria Ley 24577 (a cargo de ART)',110009,1,0),(11,'Incremento Solidario. Dec. 14/2020',110011,1,0),(12,'Sueldo - De uso libre',111000,1,111),(13,'Sueldo - De uso libre',111001,1,111),(14,'Sueldo anual complementario',120000,1,0),(15,'SAC 1er semestre',120001,1,0),(16,'SAC 2do semestre',120002,1,0),(17,'SAC proporcional',120003,1,0),(18,'SAC - De uso libre',121000,1,121),(19,'Horas extras',130000,1,0),(20,'Horas extras al 50 %',130001,1,0),(21,'Horas extras al 100 %',130002,1,0),(22,'Horas extras al 200 %',130003,1,0),(23,'Zona desfavorable',140000,1,0),(24,'Adelanto vacacional',150000,1,0),(25,'Adicionales',160000,1,0),(26,'Adicional por antigüedad',160001,1,0),(27,'Adicional por título',160002,1,0),(28,'Adicional por tarea',160003,1,0),(29,'Adicional por desarraigo',160004,1,0),(30,'Gratificaciones y/o Premios',170000,1,0),(31,'Premio por presentismo',170001,1,0),(32,'Premio por producción',170002,1,0),(33,'Comisiones',170003,1,0),(34,'Accesorios',170004,1,0),(35,'Viáticos sin comprobante',170005,1,0),(36,'Propinas habituales no prohibidas',170006,1,0),(37,'Asignaciones Familiares',510000,2,0),(38,'Ayuda escolar',510001,2,0),(39,'Asignación por hijo/hijo con discapacidad',510002,2,0),(40,'Asignación por maternidad',510003,2,0),(41,'Asignación por maternidad down',510004,2,0),(42,'Asignación por matrimonio',510005,2,0),(43,'Asignación por nacimiento / adopción',510006,2,0),(44,'Asignación por prenatal',510007,2,0),(45,'Beneficios sociales',520000,2,0),(46,'Servicio de comedor',520001,2,0),(47,'Gastos médicos',520002,2,0),(48,'Provisión de ropa de trabajo',520003,2,0),(49,'Guardería',520004,2,0),(50,'Provisión de útiles escolares',520005,2,0),(51,'Gastos de sepelio',520006,2,0),(52,'Cursos de capacitación',520007,2,0),(53,'Becas',520008,2,0),(54,'Desempleo',520009,2,0),(55,'Gratificación por cese laboral',520010,2,0),(56,'Indemnización por extinción del contrato de trabajo',520011,2,0),(57,'Vacaciones no gozadas',520012,2,0),(58,'Incapacidad permanente',520013,2,0),(59,'Indemnización por Despido',520014,2,0),(60,'Indemnización Sustitutiva de Preaviso',520015,2,0),(61,'Integración del Mes de Despido',520016,2,0),(62,'SAC sobre integración o preaviso',520017,2,0),(63,'SAC sobre vacaciones no gozadas',520018,2,0),(64,'Incrementos no remunerativos (con aportes OS)',530000,2,0),(65,'Incrementos no remunerativos (con aportes y contribuciones OS)',540000,2,0),(66,'Importes no remunerativos especiales',550000,2,0),(67,'Redondeo (No Remunerativo)',799999,2,0),(68,'Sistema previsional',810000,3,0),(69,'INSSJyP',810001,3,0),(70,'Obra Social',810002,3,0),(71,'Fondo Solidario de Redistribución (ex ANSSAL)',810003,3,0),(72,'Cuota Sindical',810004,3,0),(73,'Seguro de Vida',810005,3,0),(74,'RENATEA (ex RENATRE)',810006,3,0),(75,'Préstamos',810007,3,0),(76,'Impuesto a las Ganancias',810008,3,0),(77,'Obra Social - Adherentes',810009,3,0),(78,'Fondo Solidario de Redistribución (Ex ANSSAL) - Adherentes',810010,3,0),(79,'Ajuste aporte Dec. 561/2019',810011,2,0),(80,'Otros descuentos',820000,3,0);

/*Data for the table `rrhh_F931_concepto_afip_uso_libre` */
delete from rrhh_F931_concepto_afip_uso_libre;
insert  into `rrhh_F931_concepto_afip_uso_libre`(`id`,`d_rrhh_F931_concepto_afip_uso_libre`,`codigo`,`id_f931_tipo_concepto`,`codigo_desde`,`codigo_hasta`) values (1,'Sueldo - De uso libre',111,1,111000,119999),(2,'SAC - De uso libre',121,1,121000,129999),(3,'Horas extras - De uso libre',131,1,131000,139999),(4,'Zona desfavorable - De uso libre',141,1,141000,149999),(5,'Adelanto Vacacional - De uso libre',151,1,151000,159999),(6,'Adicionales - De uso libre',161,1,161000,169999),(7,'Gratificaciones y/o Premios - De Uso Libre',171,1,171000,179999),(8,'Asignaciones familiares - De uso libre',511,2,511000,519999),(9,'Beneficios Sociales - De uso libre',521,2,521000,529999),(10,'Incrementos no remunerativos (con aportes OS) - De uso libre',531,2,531000,539999),(11,'Incrementos no remunerativos (con aportes y contribuciones OS) - De uso libre',541,2,541000,549999),(12,'Importes no remunerativos especiales - De uso libre',551,2,551000,559000),(13,'Otros descuentos - De uso libre',821,3,821000,829999);

/*Data for the table `rrhh_F931_configuracion` */

/*Data for the table `rrhh_F931_tipo_concepto` */
delete from rrhh_F931_tipo_concepto;
insert  into `rrhh_F931_tipo_concepto`(`id`,`d_rrhh_F931_tipo_concepto`) values (1,'REMUNERATIVO'),(2,'NO REMUNERATIVO'),(3,'DESCUENTO');

/*Data for the table `rrhh_F931_tipo_liquidacion` */
delete from rrhh_F931_tipo_liquidacion;
insert  into `rrhh_F931_tipo_liquidacion`(`id`,`codigo`,`d_rrhh_F931_tipo_liquidacion`) values (1,'M','Mensual'),(2,'Q','Quincenal'),(3,'S','Semanal');

/*Data for the table `rrhh_forma_pago` */
delete from rrhh_forma_pago;
insert  into `rrhh_forma_pago`(`id`,`d_rrhh_forma_pago`) values (1,'DEPOSITO BANCARIO'),(2,'CHEQUE'),(3,'EFECTIVO');

/*Data for the table `rrhh_liquidacion` */

/*Data for the table `rrhh_liquidacion_area` */

/*Data for the table `rrhh_liquidacion_categoria` */

/*Data for the table `rrhh_liquidacion_concepto` */

/*Data for the table `rrhh_liquidacion_lugar_pago` */

/*Data for the table `rrhh_liquidacion_persona` */

/*Data for the table `rrhh_lugar_pago` */

/*Data for the table `rrhh_modalidad_contratacion` */
delete from rrhh_modalidad_contratacion;
insert  into `rrhh_modalidad_contratacion`(`id`,`codigo`,`d_rrhh_modalidad_contratacion`,`tasa`,`activo`) values (1,0,'Contrato Modalidad Promovida. Reducción 0%','0',1),(2,1,'A tiempo parcial: Indeterminado/Permanente','0',1),(3,2,'Becarios - Residencias médicas L.22127','0',1),(4,3,'De aprendizaje L.25013','0',1),(5,4,'Especial de fomento del empleo L.24465','0',1),(6,5,'Fomento del empleo. L.24013 y L.24465','0',1),(7,6,'Lanzamiento nueva actividad. L.24013 y L.24465','0',1),(8,7,'Período de prueba. L.24465 y L.25013','0',1),(9,8,'A tiempo completo:Indeterminado/Trabajo Permanente','0',1),(10,9,'Práctica laboral para jóvenes','0',1),(11,10,'Pasantías - Sin Obra Obra Social','0',1),(12,11,'Trabajo de temporada','0',1),(13,12,'Trabajo eventual','0',1),(14,13,'Trabajo formación','0',1),(15,14,'Nuevo período de prueba','0',1),(16,15,'Pues Nue V y M de 25 a 44 L.25250','0',1),(17,16,'Nvo Periodo Prueba Trab Discapacit Art.34 L.24147','0',1),(18,17,'Pues Nue men 25, VyM 45 o más y M Jefe de Fam','0',1),(19,18,'Trab Discapacit Art.34 L.24147','0',1),(20,19,'Pto Nvo V y M 25 a 44 Art.34 L.24147 L.25250','0',1),(21,20,'Pto Nvo men 25, VyM 45 o más y M J/F Art34 L24147','0',1),(22,21,'A tiempo parcial determinado','0',1),(23,22,'A tiempo completo determinado','0',1),(24,23,'Psonal no permanente L.22248','0',1),(25,24,'Psonal de la Construccion L.22250','0',1),(26,25,'Empleo Público provincial','0',1),(27,26,'Benefic de Prog de Empleo, Capacita y Recup Produ','0',1),(28,27,'Pasantías L.26427 -con obra social-','0',1),(29,28,'Programas Jefes y Jefas de hogar','0',1),(30,29,'Decreto Nro.1212/03 - Aportante Autónomo','0',1),(31,30,'Nvo Per. Prueba. Trab. Discapacit. Art.87 L.24013','0',1),(32,31,'Trabajador Discapacitado Art.87 L.24013','0',1),(33,32,'Per. Prueba 6 L.25877','0',1),(34,33,'Per. Prueba 6 L.25877 Benefic. Planes Jefes/as','0',1),(35,34,'Per. Prueba 6 L.25877 Art.34 Ley 24147','0',1),(36,35,'Per. Prueba 6 L.25877 A.34 L.24147 Benefic Planes','0',1),(37,36,'Per. Pru 6 L.25877 Trab.Disc. A.87 L24013','0',1),(38,37,'Per. Pru 6 L.25877 Trab.Disc. A.87 L24013 Ben.Plan','0',1),(39,38,'Pto Nvo 6 L.25877','0',1),(40,39,'Pto Nvo 6 L.25877 Benefic. Planes Jefes/as','0',1),(41,40,'Pto Nvo 6 L.25877 Art.34 Ley 24147','0',1),(42,41,'Pto Nvo 6 L.25877 A.34 L.24147 Benef.Planes','0',1),(43,42,'Pto Nvo 6 L.25877 Trab.Disc. A87 L24013','0',1),(44,43,'Pto Nvo 6 L.25877 Trab.Disc. A87 L24013 Benef.Plan','0',1),(45,44,'Changa Solidaria CCT 62/75','0',1),(46,45,'Psonal no Perm. Hoteles CCT 362/03 Art.68 Inc.B','0',1),(47,46,'Planta transit. Adm Publica Nac., Prov. y/o Munic.','0',1),(48,47,'Representación gramial','0',1),(49,48,'Art.4 L.24241. Traslado temp Ext o Conv Bilat.','0',1),(50,49,'Directores - Empleados SA con OS y LTR','0',1),(51,50,'Contrato modalidad promovida. Reducción 50%','50',1),(52,51,'Pasantías L.26427 - c/OS - Benef. Pensión Disca.','0',1),(53,95,'Planes Ministerio de Trabajo','0',1),(54,96,'Plan Trabajo por San Luis L.5411/03','0',1),(55,97,'Programa Trabajo para Jovenes tucumanos','0',1),(56,98,'BONUS 2da Oportunidad','0',1),(57,99,'LRT (Directores SA, municipios, org, cent y ...','0',1),(58,100,'Contrato modalidad promovida. Reducción 100%','100',1),(59,102,'Personal permanente discontínuo con ART (para uso de la EU) Decreto Nº 762/14.','0',1),(60,110,'Trabajo permanente prestación continua Ley 26727','0',1),(61,111,'Trabajo temporario Ley 26727','0',1),(62,112,'Trabajo permanente discontinuo ley 26727','0',1),(63,113,'Trabajo por equipo o cuadrilla fafmilar Ley 26727','0',1),(64,114,'Trabajo temporario con Reducción Ley 26727','0',1),(65,115,'Trabajo permanente discontinuo con Reducción ley 26727','0',1),(66,201,'Beneficio primeros 12 meses.','0',1),(67,202,'Trabajador discapacitado art.34 L.24147 beneficio primeros 12 meses.','0',1),(68,203,'Trabajador discapacitado art.87 L.24013 beneficio primeros 12 meses.','0',1),(69,204,'P.Nuevo art.16 Ley 26476 2º año','25',1),(70,205,'P.Nuevo art.16 Ley 26476 Trab.disc art.34 Ley 24147 2º año','25',1),(71,206,'P.Nuevo art.16 Ley 26476 Trab.disc art.87 Ley 24013 2º año','25',1),(72,301,'Tiempo indeterminado','0',1),(73,302,'Trabajador discapacitado art. 34 L 24147. Tiempo indeterminado','0',1),(74,303,'Trabajador discapacitado art. 87 L 24013. Tiempo indeterminado','0',1),(75,304,'Tiempo parcial. Art. 92 ter LCT','0',1),(76,305,'Trabajador discapacitado art. 34 L 24147. Tiempo parcial. Art. 92 ter LCT','0',1),(77,306,'Trabajador discapacitado art. 87 L 24013. Tiempo parcial. Art. 92 ter LCT','0',1),(78,307,'Hasta 15 empleados. Primeros 12 meses. Tiempo indeterminado','0',1),(79,308,'Hasta 15 empleados. Primeros 12 meses. Tiempo indeterminado/Trabajador discapacitado art. 34 Ley 241','0',1),(80,309,'Hasta 15 empleados. Primeros 12 meses. Tiempo indeterminado/Trabajador discapacitado art. 87 Ley 240','0',1),(81,310,'Hasta 15 empleados. Segundos 12 meses. Tiempo indeterminado','0',1),(82,311,'Hasta 15 empleados. Segundos 12 meses. Tiempo indeterminado. Trabajador discapacitado art. 34 Ley 24','0',1),(83,312,'Hasta 15 empleados. Segundos 12 meses. Tiempo indeterminado. Trabajador discapacitado art. 87 Ley 24','0',1),(84,313,'16 a 80 empleados. Tiempo indeterminado','0',1),(85,314,'16 a 80 empleados. Tiempo indeterminado. Trabajador discapacitado art. 34 Ley 24147','0',1),(86,315,'16 a 80 empleados. Tiempo indeterminado. Trabajador discapacitado art. 87 Ley 24013','0',1),(87,985,'CCG Vitivinícola de Neuquén','0',1),(88,987,'CCG Vitivinícola de La Rioja','0',1),(89,989,'CCG Tabaco Salta','0',1),(90,990,'CCG Tabaco Jujuy','0',1),(91,991,'CCG vitivinícola de Río Negro','0',1),(92,992,'CCG multiproducto del Chaco','0',1),(93,993,'CCG frutihortícola de San Juan','0',1),(94,994,'CCG Yerba Mate Misiones y Corrientes','0',1),(95,995,'CCG vitivinícola de San Juan','0',1),(96,996,'CCG vitivinícola de Mendoza','0',1),(97,997,'CCG forestal del Chaco','0',1),(98,998,'CCG tabaco Virginia del Chaco','0',1),(99,999,'CCG Art 11 Ley 26476 Trabajador registrado Rectificacion real fecha de inicio','0',1);

/*Data for the table `rrhh_modelo_liquidacion` */

/*Data for the table `rrhh_modelo_liquidacion_concepto_item` */

/*Data for the table `rrhh_novedad_persona` */

/*Data for the table `rrhh_obra_social` */
delete from rrhh_obra_social;
insert  into `rrhh_obra_social`(`id`,`codigo`,`d_rrhh_obra_social`,`activa`,`fecha_modificacion`,`codigo_extra`) values (12,'0','NINGUNA',NULL,NULL,NULL),(13,'109','O.S. DEL PERSONAL JERARQUICO DE LA INDUSTRIA GRAFI',NULL,NULL,NULL),(14,'208','O.S. DEL PERSONAL DE LA INDUSTRIA GRAFICA DE LA PR',NULL,NULL,NULL),(15,'307','O.S. PORTUARIOS ARGENTINOS DE MAR DEL PLATA',NULL,NULL,NULL),(16,'406','O.S. DEL PERSONAL DEL ORGANISMO DE CONTROL EXTERNO',NULL,NULL,NULL),(17,'505','O.S . DE CAPITANES, PILOTOS Y PATRONES DE PESCA',NULL,NULL,NULL),(18,'604','O.S . DE AGENTES DE LOTERIAS Y AFINES DE LA REPUBL',NULL,NULL,NULL),(19,'703','MUTUAL DEL PERSONAL DEL AGUA Y LA ENERGIA ELECTRIC',NULL,NULL,NULL),(20,'802','O.S. DE Y.P.F.',NULL,NULL,NULL),(21,'901','O.S. DE LA ACTIVIDAD DE SEGUROS, REASEGUROS, CAPIT',NULL,NULL,NULL),(22,'1003','O.S. DEL PERSONAL DE OBRAS Y SERVICIOS SANITARIOS',NULL,NULL,NULL),(23,'1102','O.S. PARA LA ACTIVIDAD DOCENTE',NULL,NULL,NULL),(24,'1201','O.S. PARA EL PERSONAL DEL MINISTERIO DE ECONOMIA Y',NULL,NULL,NULL),(25,'1300','O.S. FERROVIARIA',NULL,NULL,NULL),(26,'1508','O.S . DE LA ASOCIACION CIVIL PRO SINDICATO AMAS DE',NULL,NULL,NULL),(27,'1607','O.S. DEL SINDICATO UNIDO DE TRABAJADORES DE LA IND',NULL,NULL,NULL),(28,'1706','O.S . DEL PERSONAL JERARQUICO DE LA REPUBLICA ARGE',NULL,NULL,NULL),(29,'1805','O.S . DE LOS LEGISLADORES DE LA REPUBLICA ARGENTIN',NULL,NULL,NULL),(30,'1904','O.S DE LA FEDERACION DE CAMARAS Y CENTROS COMERCIA',NULL,NULL,NULL),(31,'2006','O.S. de VIALIDAD NACIONAL',NULL,NULL,NULL),(32,'2105','O.S. PROFESIONALES DEL TURF DE LA RA (OSPROTURA)',NULL,NULL,NULL),(33,'2204','O.S. DE EMPL.Y PERS. JERARQ.DE LA ACT.DEL NEUM.ARG',NULL,NULL,NULL),(34,'2303','O.S. PARA EL PERSONAL DE EMPRESAS DE LIMPIEZA, SER',NULL,NULL,NULL),(35,'2402','OBRA SOCIAL DEL PERSONAL JERARQUICO DEL TRANSPORTE',NULL,NULL,NULL),(36,'2501','O.S. DE MINISTROS, SECRETARIOS Y SUBSECRETARIOS',NULL,NULL,NULL),(37,'2600','O.S. DE LOS TRABAJADORES DE LA CARNE Y AFINES DE L',NULL,NULL,NULL),(38,'2709','O.S. DE LOS TRABAJADORES ASOCIADOS A LA ASOCIACION',NULL,NULL,NULL),(39,'2808','O.S. DE LA CAMARA DE EMPRESARIOS DE AGENCIAS DE RE',NULL,NULL,NULL),(40,'2907','O.S. ASOCIACION MUTUAL METALURGICA VILLA CONSTITUC',NULL,NULL,NULL),(41,'3009','O.S. PERSONAL ASOCIADO A ASOC.MUTUAL SANCOR (O.S.P',NULL,NULL,NULL),(42,'100106','O.S. PARA EL PERSONAL DE LA INDUSTRIA ACEITERA DES',NULL,NULL,NULL),(43,'100205','O.S. DE ACTORES',NULL,NULL,NULL),(44,'100304','O.S. DE TECNICOS DE VUELO DE LINEAS AEREAS',NULL,NULL,NULL),(45,'100403','O.S. DEL PERSONAL SUPERIOR Y PROFESIONAL DE EMPRES',NULL,NULL,NULL),(46,'100502','O.S. DEL PERSONAL AERONAUTICO',NULL,NULL,NULL),(47,'100601','O.S. DEL PERSONAL DE AERONAVEGACION DE ENTES PRIVA',NULL,NULL,NULL),(48,'100700','O.S. DEL PERSONAL TECNICO AERONAUTICO',NULL,NULL,NULL),(49,'100809','O.S. DE AERONAVEGANTES',NULL,NULL,NULL),(50,'100908','O.S. DE EMPLEADOS DE AGENCIAS DE INFORMES (O.S.E.D',NULL,NULL,NULL),(51,'101000','O.S. DEL PERSONAL DE AGUAS GASEOSAS Y AFINES',NULL,NULL,NULL),(52,'101109','O.S. DE ALFAJOREROS, REPOSTEROS, PIZZEROS Y HELADE',NULL,NULL,NULL),(53,'101208','O.S. DEL PERSONAL DE LA INDUSTRIA DE LA ALIMENTACI',NULL,NULL,NULL),(54,'101307','O.S. DEL PERSONAL DE ARTES GRAFICAS DEL CHACO',NULL,NULL,NULL),(55,'101406','O.S. ARTES GRAFICAS DE SANTA FE',NULL,NULL,NULL),(56,'101505','O.S. DE ARTISTAS DE VARIEDADES',NULL,NULL,NULL),(57,'101604','O.S. DEL PERSONAL DEL AUTOMOVIL CLUB ARGENTINO',NULL,NULL,NULL),(58,'101703','O.S. DEL PERSONAL DEL AZUCAR DE CALILEGUA',NULL,NULL,NULL),(59,'101802','O.S. DEL PERSONAL DEL AZUCAR DEL INGENIO LA ESPERA',NULL,NULL,NULL),(60,'101901','O.S. DEL PERSONAL DEL AZUCAR DEL INGENIO LEDESMA',NULL,NULL,NULL),(61,'102003','O.S. DEL PERSONAL DEL AZUCAR DEL INGENIO LAS TOSCA',NULL,NULL,NULL),(62,'102102','O.S. DEL PERSONAL DEL AZUCAR DEL INGENIO RIO GRAND',NULL,NULL,NULL),(63,'102201','O.S. DEL PERSONAL DEL AZUCAR DEL INGENIO SAN ISIDR',NULL,NULL,NULL),(64,'102300','O.S. DEL PERSONAL DEL AZUCAR DEL INGENIO SAN MARTI',NULL,NULL,NULL),(65,'102409','O.S. DEL PERSONAL DEL AZUCAR DE VILLA OCAMPO',NULL,NULL,NULL),(66,'102607','O.S. DEL PERSONAL DE LA ACTIVIDAD AZUCARERA TUCUMA',NULL,NULL,NULL),(67,'102706','O.S. DEL PERSONAL DE LA INDUSTRIA AZUCARERA',NULL,NULL,NULL),(68,'102805','O.S. DE BANCARIOS',NULL,NULL,NULL),(69,'102904','O.S. DEL PERSONAL DE BARRACAS DE LANAS, CUEROS Y A',NULL,NULL,NULL),(70,'103006','O.S. DEL PERSONAL DE LA INDUSTRIA BOTONERA',NULL,NULL,NULL),(71,'103105','O.S. DEL PERSONAL DE LA INDUSTRIA DEL CALZADO',NULL,NULL,NULL),(72,'103204','O.S. DE CONDUCTORES CAMIONEROS Y PERSONAL DEL TRAN',NULL,NULL,NULL),(73,'103303','O.S. DEL PERSONAL DE LA JUNTA NACIONAL DE CARNES',NULL,NULL,NULL),(74,'103402','O.S. DEL PERSONAL DE CARGA Y DESCARGA',NULL,NULL,NULL),(75,'103600','O.S. DEL PERSONAL AUXILIAR DE CASAS PARTICULARES',NULL,NULL,NULL),(76,'103709','O.S. DEL PERSONAL DE LA INDUSTRIA DEL CAUCHO',NULL,NULL,NULL),(77,'103808','O.S. DEL PERSONAL DEL CAUCHO',NULL,NULL,NULL),(78,'103907','O.S. DEL PERSONAL DE LA INDUSTRIA DEL CAUCHO DE SA',NULL,NULL,NULL),(79,'104009','O.S. DEL PERSONAL DE CEMENTERIOS DE LA REP. ARGENT',NULL,NULL,NULL),(80,'104108','O.S. DE CERAMISTAS',NULL,NULL,NULL),(81,'104207','O.S. DEL PERSONAL DE LA CERAMICA, SANITARIOS, PORC',NULL,NULL,NULL),(82,'104306','O.S. DEL PERSONAL DE LA ACTIVIDAD CERVECERA Y AFIN',NULL,NULL,NULL),(83,'104405','O.S. DEL PERSONAL CINEMATOGRAFICO DE MAR DEL PLATA',NULL,NULL,NULL),(84,'104504','O.S. DEL PERSONAL DE LA INDUSTRIA CINEMATOGRAFICA',NULL,NULL,NULL),(85,'104603','O.S. DE OPERADORES CINEMATOGRAFICOS',NULL,NULL,NULL),(86,'104702','O.S. DE COLCHONEROS',NULL,NULL,NULL),(87,'104801','O.S. DE COLOCADORES DE AZULEJOS, MOSAICOS, GRANITE',NULL,NULL,NULL),(88,'104900','O.S. DE EMPLEADOS DE COMERCIO',NULL,NULL,NULL),(89,'105002','O.S. DE CONDUCTORES NAVALES',NULL,NULL,NULL),(90,'105101','O.S. DE CONSIGNATARIOS DEL MERCADO GENERAL DE HACI',NULL,NULL,NULL),(91,'105200','INSTITUTO DE SERVICIOS SOCIALES PARA EL PERSONAL D',NULL,NULL,NULL),(92,'105309','O.S. DEL PERSONAL ADMINISTRATIVO Y TECNICO DE LA C',NULL,NULL,NULL),(93,'105408','O.S. DEL PERSONAL DE LA CONSTRUCCION',NULL,NULL,NULL),(94,'105507','O.S. DE LOS CORTADORES DE LA INDUMENTARIA',NULL,NULL,NULL),(95,'105606','O.S. DEL PERSONAL DE LA INDUSTRIA DEL CUERO Y AFIN',NULL,NULL,NULL),(96,'105705','O.S. DEL PERSONAL DE LA INDUSTRIA DEL CHACINADO Y ',NULL,NULL,NULL),(97,'105804','O.S. DE CHOFERES DE CAMIONES',NULL,NULL,NULL),(98,'105903','O.S. CHOFERES PARTICULARES',NULL,NULL,NULL),(99,'106005','O.S. DEL PERSONAL DE ENTIDADES DEPORTIVAS Y CIVILE',NULL,NULL,NULL),(100,'106104','O.S. DE EMPLEADOS DE DESPACHANTES DE ADUANA',NULL,NULL,NULL),(101,'106203','O.S. DEL PERS. DE DISTRIBUIDORES CINEMATOGRAF. DE ',NULL,NULL,NULL),(102,'106302','O.S. DE DOCENTES PARTICULARES',NULL,NULL,NULL),(103,'106401','O.S. DEL PERSONAL DE EDIFCIOS DE RENTA Y HORIZONTA',NULL,NULL,NULL),(104,'106500','O.S. DEL PERSONAL DE EDIFICIOS DE RENTAS Y HORIZON',NULL,NULL,NULL),(105,'106609','O.S. ELECTRICISTAS NAVALES',NULL,NULL,NULL),(106,'106708','O.S. DE OBREROS EMPACADORES DE FRUTA DE RIO NEGRO ',NULL,NULL,NULL),(107,'106807','O.S. DEL PERSONAL DE LA ENSEÑANZA PRIVADA',NULL,NULL,NULL),(108,'106906','O.S. DEL PERSONAL DE ESCRIBANIAS DE LA PROVINCIA D',NULL,NULL,NULL),(109,'107008','O.S. DEL PERSONAL DE ESCRIBANOS',NULL,NULL,NULL),(110,'107107','O.S. DEL PERSONAL DEL ESPECTACULO PUBLICO',NULL,NULL,NULL),(111,'107206','O.S. DEL PERSONAL DE ESTACIONES DE SERVICIO, GARAG',NULL,NULL,NULL),(112,'107404','O.S. DEL PERSONAL DE FARMACIA',NULL,NULL,NULL),(113,'107503','O.S. DEL PERSONAL DE LA FERIA INFANTIL',NULL,NULL,NULL),(114,'107602','O.S. DEL PERSONAL DE FERMOLAC',NULL,NULL,NULL),(115,'107701','O.S. DE FERROVIARIOS',NULL,NULL,NULL),(116,'107800','O.S. DEL PERSONAL DE LA INDUSTRIA DEL FIBROCEMENTO',NULL,NULL,NULL),(117,'107909','O.S. DEL PERSONAL DE LA INDUSTRIA FIDEERA',NULL,NULL,NULL),(118,'108001','O.S. DEL PERSONAL DE LA INDUSTRIA FORESTAL DE SANT',NULL,NULL,NULL),(119,'108100','O.S. DEL PERSONAL DE LA INDUSTRIA DEL FOSFORO',NULL,NULL,NULL),(120,'108209','O.S. DE FOTOGRAFOS',NULL,NULL,NULL),(121,'108407','O.S. DEL PERSONAL DE LA ACTIVIDAD FRUCTICOLA',NULL,NULL,NULL),(122,'108506','O.S. DEL PERSONAL DE MANIPULEO, EMPAQUE Y EXPEDICI',NULL,NULL,NULL),(123,'108605','O.S. DE FUTBOLISTAS',NULL,NULL,NULL),(124,'108704','O.S. DE TECNICOS DE FUTBOL',NULL,NULL,NULL),(125,'108803','O.S. DEL PERSONAL DEL TURISMO, HOTELERO Y GASTRONO',NULL,NULL,NULL),(126,'108902','O.S. DEL PERSONAL SUPERIOR DE GOOD YEAR ARGENTINA',NULL,NULL,NULL),(127,'109004','O.S. DEL PERSONAL GRAFICO',NULL,NULL,NULL),(128,'109103','O.S. DEL PERSONAL GRAFICO DE CORRIENTES',NULL,NULL,NULL),(129,'109202','O.S. DE GUINCHEROS Y MAQUINISTAS DE GRUAS MOVILES',NULL,NULL,NULL),(130,'109301','O.S. DEL PERSONAL DE CONSIGNATARIOS DEL MERCADO NA',NULL,NULL,NULL),(131,'109400','O.S. DEL PERSONAL DE LA INDUSTRIA DEL HIELO Y MERC',NULL,NULL,NULL),(132,'109509','O.S. DEL PERSONAL DE LOS HIPODROMOS DE BUENOS AIRE',NULL,NULL,NULL),(133,'109608','O.S. DEL PERSONAL MENSUALIZADO DEL JOCKEY CLUB DE ',NULL,NULL,NULL),(134,'109707','O.S. DEL PERSONAL DE IMPRENTA, DIARIOS Y AFINES',NULL,NULL,NULL),(135,'109905','O.S. DEL PERSONAL DEL INGENIO SAN PABLO',NULL,NULL,NULL),(136,'110008','O.S. DEL PERSONAL DE JABONEROS',NULL,NULL,NULL),(137,'110107','O.S. DE JARDINEROS,PARQUISTAS,VIVERISTAS Y FLORIC.',NULL,NULL,NULL),(138,'110206','O.S. DEL PERSONAL DE JOCKEY CLUB DE ROSARIO',NULL,NULL,NULL),(139,'110305','O.S. DEL PERSONAL LADRILLERO',NULL,NULL,NULL),(140,'110404','O.S. DEL PERSONAL DE LA INDUSTRIA LADRILLERA A MAQ',NULL,NULL,NULL),(141,'110503','O.S. DEL PERSONAL DE LA INDUSTRIA LECHERA',NULL,NULL,NULL),(142,'110602','O.S. DE LOCUTORES',NULL,NULL,NULL),(143,'110701','O.S. DE LA FEDERACION ARGENTINA DE TRABAJADORES DE',NULL,NULL,NULL),(144,'110800','O.S. DE LOS TRABAJADORES DE LAS EMPRESAS DE ELECTR',NULL,NULL,NULL),(145,'110909','O.S. DEL PERSONAL DE LUZ Y FUERZA DE CORDOBA',NULL,NULL,NULL),(146,'111001','O.S. DEL PERSONAL DE LA INDUSTRIA MADERERA',NULL,NULL,NULL),(147,'111209','O.S. DEL PERSONAL DE MAESTRANZA',NULL,NULL,NULL),(148,'111308','O.S. DE MAQUINISTAS DE TEATRO Y TELEVISION',NULL,NULL,NULL),(149,'111407','O.S. DE CAPITANES DE ULTRAMAR Y OFICIALES DE LA MA',NULL,NULL,NULL),(150,'111506','O.S. CAPITANES BAQUEANOS FLUVIALES DE LA MARINA ME',NULL,NULL,NULL),(151,'111605','O.S. DE EMPLEADOS DE LA MARINA MERCANTE',NULL,NULL,NULL),(152,'111704','O.S. DE ENCARGADOS APUNTADORES MARITIMOS',NULL,NULL,NULL),(153,'111803','O.S. DEL PERSONAL MARITIMO',NULL,NULL,NULL),(154,'111902','O.S. DEL SINDICATO DE MECANICOS Y AFINES DEL TRANS',NULL,NULL,NULL),(155,'112004','O.S. DEL PERSONAL SUPERIOR DE MERCEDES BENZ ARGENT',NULL,NULL,NULL),(156,'112103','O.S. DE LA UNION OBRERA METALURGICO DE LA REPUBLIC',NULL,NULL,NULL),(157,'112202','O.S. DE LOS SUPERVISORES DE LA INDUSTRIA METALMECA',NULL,NULL,NULL),(158,'112301','O.S. DEL PERSONAL DE MICROS Y OMNIBUS DE MENDOZA',NULL,NULL,NULL),(159,'112400','O.S. DE LA ACTIVIDAD MINERA',NULL,NULL,NULL),(160,'112509','O.S. MODELOS ARGENTINOS',NULL,NULL,NULL),(161,'112608','O.S. DEL PERSONAL DE LA INDUSTRIA MOLINERA',NULL,NULL,NULL),(162,'112707','O.S. DEL PERSONAL MOSAISTA',NULL,NULL,NULL),(163,'112806','O.S. DE MUSICOS',NULL,NULL,NULL),(164,'112905','O.S. DE MUSICOS DE CUYO',NULL,NULL,NULL),(165,'113007','O.S. DE MUSICOS DE MAR DEL PLATA',NULL,NULL,NULL),(166,'113205','O.S. DE JEFES Y OFICIALES NAVALES DE RADIOCOMUNICA',NULL,NULL,NULL),(167,'113304','O.S. DE JEFES Y OFICIALES MAQUINISTAS NAVALES',NULL,NULL,NULL),(168,'113403','O.S. DEL PERSONAL NAVAL',NULL,NULL,NULL),(169,'113601','O.S. DEL PERSONAL DE LA INDUSTRIA DEL NEUMATICO',NULL,NULL,NULL),(170,'113700','O.S. DEL PERSONAL DE LA INDUSTRIA NAVAL',NULL,NULL,NULL),(171,'113809','O.S. DE COMISARIOS NAVALES',NULL,NULL,NULL),(172,'113908','O.S. DEL PERSONAL DE PANADERIAS',NULL,NULL,NULL),(173,'114000','O.S. DE PANADEROS, PASTELEROS Y FACTUREROS DE ENTR',NULL,NULL,NULL),(174,'114109','O.S. DEL PERSONAL DEL PAPEL, CARTON Y QUIMICOS',NULL,NULL,NULL),(175,'114208','O.S. DE LA INDUSTRIA DE PASTAS ALIMENTICIAS',NULL,NULL,NULL),(176,'114307','O.S. TRABAJ. PAST, CONFIT, PIZZEROS, HELAD. Y ALFA',NULL,NULL,NULL),(177,'114505','O.S. DE PATRONES DE CABOTAJE DE RIOS Y PUERTOS',NULL,NULL,NULL),(178,'114604','O.S. DE PELETEROS',NULL,NULL,NULL),(179,'114703','O.S. DEL PERSONAL DE PELUQUERIAS, ESTETICA Y AFINE',NULL,NULL,NULL),(180,'114802','O.S. DE OFICIALES PELUQUEROS Y PEINADORES',NULL,NULL,NULL),(181,'114901','O.S.OFICIALES PELUQUEROS Y PEINADORES DE ROSARIO',NULL,NULL,NULL),(182,'115003','O.S. DEL PERSONAL DE LA ACTIVIDAD PERFUMISTA',NULL,NULL,NULL),(183,'115102','O.S. DE TRABAJADORES DE PRENSA DE BUENOS AIRES',NULL,NULL,NULL),(184,'115201','O.S. DEL PERSONAL DE LA INDUSTRIA DEL PESCADO DE M',NULL,NULL,NULL),(185,'115300','O.S. DE PETROLEROS',NULL,NULL,NULL),(186,'115409','O.S. DEL PETROLEO Y GAS PRIVADO',NULL,NULL,NULL),(187,'115508','O.S. DE PETROLEROS DE CORDOBA',NULL,NULL,NULL),(188,'115607','O.S. DEL PERSONAL DE LA INDUSTRIA PETROQUIMICA',NULL,NULL,NULL),(189,'115706','O.S. DE PILOTOS DE LINEAS AEREAS COMERCIALES Y REG',NULL,NULL,NULL),(190,'115805','O.S. DEL PERSONAL DE FABRICAS DE PINTURA',NULL,NULL,NULL),(191,'115904','O.S. DEL PERSONAL DE ACADEMIAS PITMAN',NULL,NULL,NULL),(192,'116006','O.S. DEL PERSONAL DE LA INDUSTRIA DEL PLASTICO',NULL,NULL,NULL),(193,'116105','O.S. DE CAPATACES ESTIBADORES PORTUARIOS',NULL,NULL,NULL),(194,'116204','O.S. DE PORTUARIOS ARGENTINOS',NULL,NULL,NULL),(195,'116303','O.S. PORTUARIOS DE BAHIA BLANCA',NULL,NULL,NULL),(196,'116402','O.S. PORTUARIOS DE NECOCHEA Y QUEQUEN',NULL,NULL,NULL),(197,'116501','O.S. PORTUARIOS DE ROSARIO',NULL,NULL,NULL),(198,'116600','O.S. PORTUARIOS DE SAN LORENZO',NULL,NULL,NULL),(199,'116709','O.S. PORTUARIOS DE PUERTO SAN MARTIN Y BELLA VISTA',NULL,NULL,NULL),(200,'116808','O.S. PORTUARIOS PUERTO SAN NICOLAS',NULL,NULL,NULL),(201,'116907','O.S. PORTUARIOS DE SAN PEDRO',NULL,NULL,NULL),(202,'117009','O.S. PORTUARIOS DE SANTA FE',NULL,NULL,NULL),(203,'117108','O.S. PORTUARIOS DE VILLA CONSTITUCIÓN',NULL,NULL,NULL),(204,'117207','O.S. DEL PERSONAL DE PRENSA DE LA REPUBLICA ARGENT',NULL,NULL,NULL),(205,'117405','O.S. DEL PERSONAL DE PRENSA DE BAHIA BLANCA',NULL,NULL,NULL),(206,'117603','O.S. DEL PERSONAL DE PRENSA DE LA PROVINCIA DEL CH',NULL,NULL,NULL),(207,'117702','O.S. DEL PERSONAL DE PRENSA DE MAR DEL PLATA',NULL,NULL,NULL),(208,'117801','O.S. DEL PERSONAL DE PRENSA DE MENDOZA',NULL,NULL,NULL),(209,'118002','O.S EMPLEADOS DE PRENSA DE CORDOBA',NULL,NULL,NULL),(210,'118101','O.S. DE PROFESIONALES DE LA OS DEL PERSONAL DEL PA',NULL,NULL,NULL),(211,'118200','O.S. DE AGENTES DE PROPAGANDA MEDICA DE LA REPUBLI',NULL,NULL,NULL),(212,'118309','O.S. DE AGENTES DE PROPAGANDA MEDICA DE CORDOBA',NULL,NULL,NULL),(213,'118408','O.S. DE AGENTES DE PROPAGANDA MEDICA DE ENTRE RIOS',NULL,NULL,NULL),(214,'118507','O.S. DE AGENTES DE PROPAGANDA MEDICA DE ROSARIO',NULL,NULL,NULL),(215,'118606','O.S. DEL PERSONAL DE LA PUBLICIDAD',NULL,NULL,NULL),(216,'118705','O.S. DEL PERSONAL DE INDUSTRIAS QUIMICAS Y PETROQU',NULL,NULL,NULL),(217,'118804','O.S. DE RECIBIDORES DE GRANOS Y ANEXOS',NULL,NULL,NULL),(218,'118903','O.S. DEL PERSONAL DE RECOLECCION Y BARRIDO DE ROSA',NULL,NULL,NULL),(219,'119005','O.S. DEL PERSONAL DE REFINERIAS DE MAIZ',NULL,NULL,NULL),(220,'119104','O.S. DE LA INDUSTRIA DE MATERIALES REFRACTARIOS Y ',NULL,NULL,NULL),(221,'119203','O.S. DE RELOJEROS Y JOYEROS',NULL,NULL,NULL),(222,'119302','O.S. DEL PERSONAL RURAL Y ESTIBADORES DE LA REPUBL',NULL,NULL,NULL),(223,'119401','O.S. DEL PERSONAL DE LA INDUSTRIA SALINERA',NULL,NULL,NULL),(224,'119500','O.S. DEL PERSONAL DE LA SANIDAD ARGENTINA',NULL,NULL,NULL),(225,'119609','O.S. DEL PERSONAL DE INSTALACIONES SANITARIAS',NULL,NULL,NULL),(226,'119708','O.S. DEL PERSONAL DE SEGURIDAD COMERCIAL, INDUSTRI',NULL,NULL,NULL),(227,'119807','O.S. DEL PERSONAL DEL SEGURO',NULL,NULL,NULL),(228,'119906','O.S. DE SERENOS DE BUQUES',NULL,NULL,NULL),(229,'120108','O.S. DE TECNICOS, PROFESIONALES, EMPLEADOS Y SUPER',NULL,NULL,NULL),(230,'120207','O.S. DEL PERSONAL DE STANDARD ELECTRIC',NULL,NULL,NULL),(231,'120306','O.S. DEL PERSONAL DE SUPERVISION DE LA EMPRESA SUB',NULL,NULL,NULL),(232,'120405','O.S. DEL PERSONAL DE DIRECCION DE LA EMPRESA SUBTE',NULL,NULL,NULL),(233,'120504','O.S. DEL PERSONAL DE LA INDUSTRIA DEL TABACO',NULL,NULL,NULL),(234,'120603','O.S. DE EMPLEADOS DEL TABACO',NULL,NULL,NULL),(235,'120702','O.S. DEL PERSONAL DE LAS TELECOMUNICACIONES DE LA ',NULL,NULL,NULL),(236,'120801','O.S. DE TRABAJADORES DE LAS COMUNICACIONES (OSTRAC',NULL,NULL,NULL),(237,'120900','O.S. DEL PERSONAL DE TELEVISION',NULL,NULL,NULL),(238,'121002','O.S. DEL PERSONAL DE LA INDUSTRIA TEXTIL',NULL,NULL,NULL),(239,'121101','O.S. DE EMPLEADOS TEXTILES Y AFINES',NULL,NULL,NULL),(240,'121200','O.S. DE TINTOREROS, SOMBREREROS Y LAVADEROS',NULL,NULL,NULL),(241,'121309','O.S. DEL PERSONAL DE LA INDUSTRIA DEL TRACTOR',NULL,NULL,NULL),(242,'121408','O.S. DEL TRANSPORTE AUTOMOTOR DE ROSARIO',NULL,NULL,NULL),(243,'121507','O.S. DE LA INDUSTRIA DEL TRANSPORTE AUTOMOTOR DE C',NULL,NULL,NULL),(244,'121606','O.S. DE CONDUCTORES DE TRANSPORTE COLECTIVO DE PAS',NULL,NULL,NULL),(245,'121705','O.S. DEL PERSONAL DE LA ACTIVIDAD DEL TURF',NULL,NULL,NULL),(246,'121804','O.S. CONDUCTORES DE TAXIS DE CORDOBA',NULL,NULL,NULL),(247,'121903','O.S. DE VAREADORES',NULL,NULL,NULL),(248,'122005','O.S. DEL PERSONAL DE LA INDUSTRIA DEL VESTIDO Y AF',NULL,NULL,NULL),(249,'122104','O.S. DE VIAJANTES VENDEDORES DE LA REPUBLICA ARGEN',NULL,NULL,NULL),(250,'122203','O.S. DE VIAJANTES DE COMERCIO',NULL,NULL,NULL),(251,'122302','O.S. DEL PERSONAL DE LA ACTIVIDAD VIAL',NULL,NULL,NULL),(252,'122401','O.S. DE EMPLEADOS DE LA INDUSTRIA DEL VIDRIO',NULL,NULL,NULL),(253,'122500','O.S. DEL PERSONAL DE LA INDUSTRIA DEL VIDRIO',NULL,NULL,NULL),(254,'122609','O.S. DEL PERSONAL DE LA ACTIVIDAD VITIVINICOLA',NULL,NULL,NULL),(255,'122708','O.S. DEL PERSONAL DE VIALIDAD NACIONAL',NULL,NULL,NULL),(256,'122807','O.S. DEL PERSONAL DE VIGILANCIA Y SEGURIDAD COMERC',NULL,NULL,NULL),(257,'122906','O.S.DEL PERSONAL. ESTACIONES DE SERVICIO, GARAGES,',NULL,NULL,NULL),(258,'123008','O.S. PARA EL PERSONAL DE ESTACIONES DE SERVICIO, G',NULL,NULL,NULL),(259,'123107','O.S. DE TALLERISTAS A DOMICILIO',NULL,NULL,NULL),(260,'123206','O.S. DE BAÑEROS Y AFINES DEL PARTIDO DE GENERAL PU',NULL,NULL,NULL),(261,'123305','O.S. DEL PERSONAL DE SOCIEDADES DE AUTORES Y AFINE',NULL,NULL,NULL),(262,'123404','O.S. DEL PERSONAL DE PRENSA DE ROSARIO',NULL,NULL,NULL),(263,'123503','O.S. DEL PERSONAL DE PRENSA DE TUCUMAN',NULL,NULL,NULL),(264,'123602','O.S. DE TRABAJADORES DE PERKINS ARGENTINA S.A.I.C.',NULL,NULL,NULL),(265,'123701','O.S. DE PEONES DE TAXIS DE LA CAPITAL FEDERAL',NULL,NULL,NULL),(266,'123800','O.S. DEL PERSONAL GUARDAVIDAS Y AFINES DE LA REPUB',NULL,NULL,NULL),(267,'123909','O.S. DE VENDEDORES AMBULANTES DE LA REPUBLICA ARGE',NULL,NULL,NULL),(268,'124001','O.S. DE BOXEADORES AGREMIADOS DE LA REPUBLICA ARGE',NULL,NULL,NULL),(269,'124209','O.S. DE EMBALADORES, DESCARTADORES Y ALAMBRADORES ',NULL,NULL,NULL),(270,'124308','O.S. DE EMPLEADOS Y OBREROS GASTRONOMICOS DE TUCUM',NULL,NULL,NULL),(271,'124407','O.S. PARA EL PERSONAL DE EMPRESA DE LIMPIEZA, SERV',NULL,NULL,NULL),(272,'124506','O.S. DE LOS TRABAJADORES DE LA INDUSTRIA DEL GAS',NULL,NULL,NULL),(273,'124704','O.S. DE TRABAJADORES DE LA INDUSTRIA AVICOLA Y AFI',NULL,NULL,NULL),(274,'124803','O.S. DE ARBITROS DE LA ASOCIACION DEL FUTBOL ARGEN',NULL,NULL,NULL),(275,'124902','O.S. DE LA FEDERACION NACIONAL DE SINDICATOS DE CO',NULL,NULL,NULL),(276,'125004','O.S. YACIMIENTOS CARBONIFEROS',NULL,NULL,NULL),(277,'125103','O.S. DE LOS PROFESIONALES UNIVERSITARIOS DEL AGUA ',NULL,NULL,NULL),(278,'125202','O.S. DE CAPITANES, PILOTOS Y PATRONES DE PESCA ( V',NULL,NULL,NULL),(279,'125301','O.S. FEDERAL DE LA FEDERACION DE TRABAJADORES OBRA',NULL,NULL,NULL),(280,'125400','O.S.PARA EL PERSONAL DE OBRAS Y SERVICIOS SANITARI',NULL,NULL,NULL),(281,'125509','O.S. DE LA FEDERACION ARGENTINA DEL TRABAJADOR DE ',NULL,NULL,NULL),(282,'125608','O.S. DEL PERSONAL SUPERIOR DE LA INDUSTRIA DEL GAS',NULL,NULL,NULL),(283,'125707','O.S.UNION PERSONAL DE LA UNION DE TRABAJADORES CIV',NULL,NULL,NULL),(284,'125806','O.S. DEL PERSONAL JERARQUICO DEL AGUA Y LA ENERGIA',NULL,NULL,NULL),(285,'125905','O.S. ARBITROS DEPORTIVOS DE LA REPUBLICA ARGENTINA',NULL,NULL,NULL),(286,'126007','O.S. DE LA FEDERACION GREMIAL DE LA INDUSTRIA DE L',NULL,NULL,NULL),(287,'126106','O.S. DE LOS TRABAJADORES DE LA EDUCACION PRIVADA',NULL,NULL,NULL),(288,'126205','O.S. DE LOS EMPLEADOS DE COMERCIO Y ACTIVIDADES CI',NULL,NULL,NULL),(289,'126304','O.S. BANCARIA ARGENTINA',NULL,NULL,NULL),(290,'126403','O.S. MEDICA AVELLANEDA',NULL,NULL,NULL),(291,'126502','O.S. DE LA CONFEDERACION DE OBREROS Y EMPLEADOS MU',NULL,NULL,NULL),(292,'126601','O.S. DEL PERSONAL DE INDUSTRIAS QUIMICAS Y PETROQU',NULL,NULL,NULL),(293,'126700','O.S. DEL PERSONAL DE LA ACTIVIDAD AZUCARERA TUCUMA',NULL,NULL,NULL),(294,'126809','O.S. DE CONDUCT.DE REMISES Y AUTOS AL INSTANTE Y A',NULL,NULL,NULL),(295,'126908','OBRA SOCIAL DE LOS MEDICOS DE LA CIUDAD DE BUENOS ',NULL,NULL,NULL),(296,'127000','OBRA SOCIAL DE TRABAJADORES DE ESTACIONES DE SERVI',NULL,NULL,NULL),(297,'127109','OBRA SOCIAL DEL PERSONAL DE TELECOMUNICACIONES SIN',NULL,NULL,NULL),(298,'127208','O.S. DE MANDOS MEDIOS DE TELECOMUNICACIONES EN LA ',NULL,NULL,NULL),(299,'127307','O.S. DE TRABAJADORES VIALES Y AFINES DE LA REPUBLI',NULL,NULL,NULL),(300,'127406','O.S. DE OBREROS Y EMPLEADOS TINTOREROS, SOMBRERERO',NULL,NULL,NULL),(301,'127505','O.S. DE EMPLEADOS DE FARMACIA',NULL,NULL,NULL),(302,'200103','O.S. DE LA SECRETARIA DE AGRICULTURA, GANADERIA Y ',NULL,NULL,NULL),(303,'200202','O.S. CENTRO REGIONAL DE AGUAS SUBTERRANEAS',NULL,NULL,NULL),(304,'200301','OBRA SOCIAL DE LAS SECRETARIAS DE INDUSTRIA Y COME',NULL,NULL,NULL),(305,'200400','O.S.DEL PERSONAL DE LA EMPRESA NACIONAL DE CORREOS',NULL,NULL,NULL),(306,'200509','O.S. DEL MINISTERIO DE DEFENSA',NULL,NULL,NULL),(307,'200608','O.S. FLOTA FLUVIAL DEL ESTADO ARGENTINO',NULL,NULL,NULL),(308,'200707','O.S. GAS DEL ESTADO',NULL,NULL,NULL),(309,'200806','DIRECCION GENERAL DE O.S. DEL MINISTERIO DEL INTER',NULL,NULL,NULL),(310,'200905','O.S. DEL MINISTERIO DE JUSTICIA',NULL,NULL,NULL),(311,'201007','OS DE EMPRESA LINEAS MARITIMAS ARGENTINAS',NULL,NULL,NULL),(312,'201106','DIRECCION GENERAL DE O.S. DEL MINISTERIO DE RELACI',NULL,NULL,NULL),(313,'201205','O.S. DEL MINISTERIO DE OBRAS Y SERVICIOS PUBLICOS',NULL,NULL,NULL),(314,'201304','DIRECCION DE O.S. DE LA EMPRESA NACIONAL DE TELECO',NULL,NULL,NULL),(315,'201403','O.S. DE LA UNIVERSIDAD DE BUENOS ARIES',NULL,NULL,NULL),(316,'201502','O.S. DIRECCION NACIONAL DE VIALIDAD',NULL,NULL,NULL),(317,'201700','O.S. YACIMIENTOS CARBONIFEROS FISCALES',NULL,NULL,NULL),(318,'201809','O.S. YACIMIENTOS PETROLIFEROS FISCALES',NULL,NULL,NULL),(319,'201908','INSTITUTO NACIONAL DE OBRAS SOCIALES PARA EL PERSO',NULL,NULL,NULL),(320,'300100','O.S. ANILSUD',NULL,NULL,NULL),(321,'300308','O.S. BOROQUIMICA S.A.M.I.C.A.F.',NULL,NULL,NULL),(322,'300407','O.S. DE LA EMPRESA PRIVADA CELULOSA ARGENTINA S.A.',NULL,NULL,NULL),(323,'300506','O.S. CORPORACION CEMENTERA ARGENTINA',NULL,NULL,NULL),(324,'300605','O.S. DEL PERSONAL DE CERAMICA SAN LORENZO',NULL,NULL,NULL),(325,'300704','O.S. CERAS JOHNSON',NULL,NULL,NULL),(326,'300803','O.S. CALILEGUA S.A.A.I.C.',NULL,NULL,NULL),(327,'301004','O.S. DESTILERIAS SAN IGNACIO S.A.I.C.',NULL,NULL,NULL),(328,'301103','O.S. DUNLOP ARGENTINA LIMITADA',NULL,NULL,NULL),(329,'301202','O.S. DUPERIAL ORBEA',NULL,NULL,NULL),(330,'301301','O.S. COMPAÑÍA EMBOTELLADORA ARGENTINA',NULL,NULL,NULL),(331,'301400','O.S. ELECTROCLOR S.C.A.',NULL,NULL,NULL),(332,'301509','O.S. MUTUALIDAD EMPLEADOS FIRESTONE',NULL,NULL,NULL),(333,'301608','O.S. AUTOLATINA ARGENTINA S.A.',NULL,NULL,NULL),(334,'301707','O.S. DE ALLIED DOMECD ARGENTINA. S.A (ANTERIOR DEN',NULL,NULL,NULL),(335,'301806','O.S. SOCIEDAD MINERA HIERRO PATAGONICOS DE SIERRA ',NULL,NULL,NULL),(336,'301905','O.S. DE SERVICIOS ASISTENCIALES DE LA COMPAÑÍA ITA',NULL,NULL,NULL),(337,'302007','O.S. INGENIO RIO GRANDE S.A.',NULL,NULL,NULL),(338,'302106','O.S. PARA DIRECTIVOS, TECNICOS Y EMPLEADOS DE JOHN',NULL,NULL,NULL),(339,'302205','O.S. LEDESMA S.A.A.I.',NULL,NULL,NULL),(340,'302304','O.S. COMPAÑÍA MINERA AGUILAR S.A.',NULL,NULL,NULL),(341,'302403','O.S. MOLINOS RIO DE LA PLATA',NULL,NULL,NULL),(342,'302502','O.S. PASA PETROQUIMICA ARGENTINA S.A.',NULL,NULL,NULL),(343,'302601','O.S. COOPERATIVA DE ASISTENCIA MUTUA Y TURISMO DEL',NULL,NULL,NULL),(344,'302700','O.S. COMPAÑÍA QUIMICA S.A.',NULL,NULL,NULL),(345,'302809','O.S. REFINERIAS DE MAIZ S.A.I.C.F.',NULL,NULL,NULL),(346,'302908','DIRECCION GENERAL DE SERVICIOS ASISTENCIALES DE SE',NULL,NULL,NULL),(347,'303000','O.S. SULFACID S.A.I.F.Y C.',NULL,NULL,NULL),(348,'303109','O.S. SUPERCO',NULL,NULL,NULL),(349,'303208','O.S. EMPRESA PRIVADA WITCEL S.A.',NULL,NULL,NULL),(350,'303307','O.S. CABOT ARGENTINA',NULL,NULL,NULL),(351,'303406','O.S. DEL PERSONAL DE SHELL - CAPSA',NULL,NULL,NULL),(352,'303505','O.S. DEL PERSONAL DE LA COMPANIA GENERAL DE COMBUS',NULL,NULL,NULL),(353,'303604','O.S. DE IPAKO S.A.',NULL,NULL,NULL),(354,'303703','O.S. DEL PERSONAL DE PBBPOLISUR DE BAHIA BLANCA',NULL,NULL,NULL),(355,'303802','O.S. DE ARBITRO DEL FUTBOL ARGENTINO',NULL,NULL,NULL),(356,'303901','O.S. DE FORD ARGENTINA S.A.',NULL,NULL,NULL),(357,'304003','O.S. DE VOLKSWAGEN ARGENTINA S.A.',NULL,NULL,NULL),(358,'400107','O.S. DEL PERSONAL DE DIRECCION DE LAS EMPRESAS DE ',NULL,NULL,NULL),(359,'400206','O.S. DEL PERSONAL DE DIRECCION DE LA INDUSTRIA AUT',NULL,NULL,NULL),(360,'400305','O.S. COOPERATIVA LIMITADA DE ASISTENCIA MEDICA, FA',NULL,NULL,NULL),(361,'400404','O.S. DEL PERSONAL DE DIRECCION DE LA INDUSTRIA CER',NULL,NULL,NULL),(362,'400503','O.S. ASOCIACION DEL PERSONAL DE DIRECCION Y JERERQ',NULL,NULL,NULL),(363,'400602','O.S. DEL PERSONAL DIRECTIVO DE LA INDUSTRIA DE LA ',NULL,NULL,NULL),(364,'400701','O.S. CAMARA DE LA INDUSTRIA CURTIDORA ARGENTINA',NULL,NULL,NULL),(365,'400800','O.S. DE EJECUTIVOS Y DEL PERSONAL DE DIRECCION DE ',NULL,NULL,NULL),(366,'400909','O.S. ACCION SOCIAL DE EMPRESARIOS',NULL,NULL,NULL),(367,'401001','O.S. DEL PERSONAL DE DIRECCION DE LAS EMPRESAS QUE',NULL,NULL,NULL),(368,'401100','O.S. DEL PERSONAL DE DIRECCION ALFREDO FORTABAT',NULL,NULL,NULL),(369,'401209','O.S. DEL PERSONAL DE DIRECCION DE LA INDUSTRIA MET',NULL,NULL,NULL),(370,'401308','O.S. PARA EL PERSONAL DE DIRECCION DE LA INDUSTRIA',NULL,NULL,NULL),(371,'401407','O.S. PARA EL PERSONAL DE DIRECCION DE LA ACTIVIDAD',NULL,NULL,NULL),(372,'401506','ASOCIACION DE PRESTACIONES SOCIALES PARA EMPRESARI',NULL,NULL,NULL),(373,'401605','O.S. DEL PERSONAL DE DIRECCION DE LA INDUSTRIA PRI',NULL,NULL,NULL),(374,'401704','O.S. DE DIRECTIVOS Y EMPRESARIOS PEQUEÑOS Y MEDIAN',NULL,NULL,NULL),(375,'401803','O.S. ASOCIACION MUTUAL DEL PERSONAL DE PHILIPS ARG',NULL,NULL,NULL),(376,'401902','O.S. DEL PERSONAL DE DIRECCION DE PERFUMERIAS E. W',NULL,NULL,NULL),(377,'402004','O.S. DEL PERSONAL DE DIRECCION DE LA SANIDAD LUIS ',NULL,NULL,NULL),(378,'402103','O.S. ASOCIACION DEL PERSONAL DE DIRECCION DE LA IN',NULL,NULL,NULL),(379,'402202','O.S. MUTUALIDAD INDUSTRIAL TEXTIL ARGENTINA',NULL,NULL,NULL),(380,'402301','O.S. ASOCIACION DEL PERSONAL SUPERIOR DE LA ORGANI',NULL,NULL,NULL),(381,'402400','O.S. PARA EL PERSONAL DE DIRECCION DE LA INDUTRIA ',NULL,NULL,NULL),(382,'402509','O.S. YPF',NULL,NULL,NULL),(383,'402608','O.S. ASOCIACION DE SERVICIOS SOCIALES PARA EMPRESA',NULL,NULL,NULL),(384,'402707','O.S. DE DIRECCION OSDO',NULL,NULL,NULL),(385,'402806','O.S. DE DIRECCION DE LA ACTIVIDAD AEROCOMERCIAL PR',NULL,NULL,NULL),(386,'402905','O.S. DE DIRECCION WITCEL',NULL,NULL,NULL),(387,'500104','INSTITUTO DE SERVICIOS SOCIALES BANCARIOS',NULL,NULL,NULL),(388,'500203','INSTITUTO DE OBRA SOCIAL',NULL,NULL,NULL),(389,'500302','INSTITUTO DE SERVICIOS SOCIALES PARA EL PERSONAL D',NULL,NULL,NULL),(390,'500401','O.S. PARA EMPLEADOS DE COMERCIO Y ACTIVIDADES CIVI',NULL,NULL,NULL),(391,'500500','O.S. PARA LA ACTIVIDAD DOCENTE',NULL,NULL,NULL),(392,'500609','INSTITUTO DE SERVICIOS SOCIALES PARA EL PERSONAL F',NULL,NULL,NULL),(393,'500708','INSTITUTO DE OS PARA EL PERSONAL DEL MINISTERIO DE',NULL,NULL,NULL),(394,'500807','INSTITUTO NACIONAL DE SERVICIOS SOCIALES PARA JUBI',NULL,NULL,NULL),(395,'500906','O.S. PARA EL PERSONAL DE OBRAS SANITARIAS DE LA NA',NULL,NULL,NULL),(396,'501107','INSTITUTO DE SERVICIOS SOCIALES PARA LAS ACTIVIDAD',NULL,NULL,NULL),(397,'501206','INSTITUTO DE SERVICIOS SOCIALES PARA EL PERSONAL D',NULL,NULL,NULL),(398,'501404','INSTITUTO DE SERVICIOS SOCIALES PARA EL TERRITORIO',NULL,NULL,NULL),(399,'501503','INSTITUTO DE SERVICIOS SOCIALES PARA EL PERSONAL D',NULL,NULL,NULL),(400,'600200','ASOCIACIÓN REGIONAL BARILOCHE DE OBRAS SOCIALES',NULL,NULL,NULL),(401,'600309','ASOCIACIÓN DE OBRAS SOCIALES DE BELLA VISTA',NULL,NULL,NULL),(402,'600408','ASOCIACIÓN DE OBRAS SOCIALES DE COMODORO RIVADAVIA',NULL,NULL,NULL),(403,'602305','ASOCIACIÓN DE OBRAS SOCIALES DE ROSARIO',NULL,NULL,NULL),(404,'602701','ASOCIACIÓN DE OBRAS SOCIALES DE SAN JUAN',NULL,NULL,NULL),(405,'603100','ASOCIACIÓN DE OBRAS SOCIALES DE TRELEW',NULL,NULL,NULL),(406,'700108','O.S. DEL PERSONAL MUNICIPAL DE AVELLANEDA',NULL,NULL,NULL),(407,'700801','O.S. DEL PERSONAL MUNICIPAL DE LA MATANZA',NULL,NULL,NULL),(408,'701002','O.S. DEL PERSONAL MUNICIPAL DE TRES DE FEBRERO',NULL,NULL,NULL),(409,'701101','O.S. DEL PERSONAL MUNICIPAL DE SANTIAGO DEL ESTERO',NULL,NULL,NULL),(410,'701200','O.S. TRABAJADORES MUNICIPALES DE GRAL. PUEYRREDON',NULL,NULL,NULL),(411,'800105','O.S. ATANOR S.A. MIXTA',NULL,NULL,NULL),(412,'800204','O.S. FORJA ARGENTINA S.A.I.C.',NULL,NULL,NULL),(413,'800303','O.S. PAPEL MISIONERO S.A.I.F. Y C.',NULL,NULL,NULL),(414,'800402','O.S. PETROQUIMICA GENERAL MOSCÓN',NULL,NULL,NULL),(415,'800501','O.S. DE ACEROS PARANA',NULL,NULL,NULL),(416,'900102','O.S. FIAT',NULL,NULL,NULL);

/*Data for the table `rrhh_persona_concepto` */

/*Data for the table `rrhh_sindicato` */
delete from rrhh_sindicato;
insert  into `rrhh_sindicato`(`id`,`d_rrhh_sindicato`,`codigo`) values (1,'Sin Sindicato','@@@'),(2,'ASIMRA','ASI'),(3,'UNION OBRERA METALUR','UOM');

/*Data for the table `rrhh_situacion_sicoss` */
delete from rrhh_situacion_sicoss;
insert  into `rrhh_situacion_sicoss`(`id`,`codigo`,`d_rrhh_situacion_sicoss`) values (1,0,'Baja por fallecimiento'),(2,1,'Activo'),(3,2,'Bajas otras Causales'),(4,3,'Activo Decreto Nro. 796/97'),(5,4,'Baja otras causales Decreto Nro. 796/97'),(6,5,'Licencia por Maternidad'),(7,6,'Suspendido por otras causales'),(8,7,'Baja por despido'),(9,8,'Baja por despido decreto Nro 796/97'),(10,9,'Suspendido ley 20744 art.223 bis'),(11,10,'Licencia por Exedencia'),(12,11,'Licencia por Marternidad Down'),(13,12,'Licencia por Vacaciones'),(14,13,'Licencia sin goce de Haberes'),(15,14,'Reserva de Puesto'),(16,15,'E.S.E. Cese transitorio de servicios'),(17,16,'Personal siniestrado de terceros'),(18,17,'Reingreso por disposicion judicial'),(19,18,'ILT (Incapacidad Laboral Transitoria) primeros DIEZ (10) días'),(20,19,'ILT (Incapacidad Laboral Transitoria) días ONCE (11) y siguientes'),(21,20,'Trabajador siniestrado en nómina de A.R.T.'),(22,21,'Trabajo de Temporada Reserva de Puesto'),(23,31,'Activo-Funciones en el exterior'),(24,32,'Licencia por paternidad'),(25,33,'Licencia por fuerza mayor (Art. 221 LCT)'),(26,42,'Trabajador permanente discontinuo'),(27,43,'Empleado eventual en EU (para uso de la ESE) mes incompleto');

/*Data for the table `rrhh_subsistema_seguridad_social_afip` */
delete from rrhh_subsistema_seguridad_social_afip;
insert  into `rrhh_subsistema_seguridad_social_afip`(`id`,`d_rrhh_subsistema_seguridad_social_afip`,`codigo`,`aporte`,`contribucion`) values (1,'Sistema Previsional ','SIPA',1,1),(2,'INSSJyP','INSSJyP',1,1),(3,'Obra Social','Obra Socia',1,1),(4,'Fondo Solidario de R','FSR exANSS',1,1),(5,'RENATEA (ex RENATRE)','RENATEA',1,1),(6,'Asignaciones Familia','ASIGFAM',0,1),(7,'Fondo Nacional de Em','FNE',0,1),(8,'Ley de Riesgos del T','LRT',0,1),(9,'Seguro Colectivo de ','SCVO',0,1),(10,'Regímenes Diferencia','RD',1,0),(11,'Regímenes Especiales','RE',1,0);

/*Data for the table `rrhh_subsistema_seguridad_social_concepto_afip` */

/*Data for the table `rrhh_tipo_concepto` */
delete from rrhh_tipo_concepto;
insert  into `rrhh_tipo_concepto`(`id`,`d_rrhh_tipo_concepto`,`signo_contable`,`codigo`) values (0,'Remunerativo',0,0),(1,'No Remunerativo',NULL,1),(2,'Retencion',1,2),(3,'Asignación Familiar',-1,3),(4,'Contribución Patronal',NULL,4),(5,'Redondeo',NULL,5),(6,'Puente',NULL,6),(7,'Salario Conformado',NULL,7);

/*Data for the table `rrhh_tipo_liquidacion` */
delete from rrhh_tipo_liquidacion;
insert  into `rrhh_tipo_liquidacion`(`id`,`codigo`,`d_rrhh_tipo_liquidacion`,`fecha_modificacion`,`activo`,`id_rrhh_F931_tipo_liquidacion`) values (1,'AYU','AYUDA ESCOLAR',NULL,1,NULL),(2,'FIN','EGRESO',NULL,1,NULL),(3,'PQN','Normal Primera Quincena',NULL,1,NULL),(4,'SAC','SAC',NULL,1,NULL),(5,'SQM','Normal 2da Quincena y Mensual',NULL,1,NULL),(6,'VAC','Vacaciones',NULL,1,NULL),(7,'MEN','Mensual',NULL,1,NULL);

/*Data for the table `rrhh_tipo_liquidacion_clase_liquidacion` */

/*Data for the table `rrhh_tipo_liquidacion_liquidacion` */

/*Data for the table `rrhh_variable` */
delete from rrhh_variable;
insert  into `rrhh_variable`(`id`,`codigo`,`codigo_no_visible`) values (0,'CODIGO DE CONCEPTO','CCO'),(1,'Sueldo o Jornal','SJO'),(2,'BASICOCONVENIO','BC'),(3,'PRESENTISMO','PR'),(4,'TOTAL HABERES REMUNERATIVOS','TSR'),(5,'TOTAL HABERERES NO REMUNERATIVOS','THE'),(6,'ANTIGUEDAD AÑOS','ANT AEA'),(7,'TOTAL RETENCIONES','TRE'),(8,'TOTAL SALARIO FAMILIAR','TSF'),(9,'TABLA AUXILIAR','TAU'),(13,'UNIDAD/IMPORTE/CANTIDAD','UIC'),(14,'DIAS TRABAJADOS EN EL MES','DTM'),(15,'DIAS TRABAJADOS EN EL SEMESTRE','DTS'),(17,'CANTIDAD DE DIAS EN EL MES','CDM'),(18,'CANTIDAD DE DIAS EN EL SEMESTRE','CDS'),(19,'ABRE PARENTESIS','('),(20,'CIERRA PARENTESIS',')'),(22,'MES DE LIQUIDACION','MDL'),(23,'MES DE GANANCIA','MDG'),(24,'DIAS DE LICENCIA','DLI'),(25,'DIAS DE LICENCIA EN EL PERIODO','DLP');

SET FOREIGN_KEY_CHECKS=1;
/*!40101 SET SQL_MODE=@OLD_SQL_MODE */;
/*!40014 SET FOREIGN_KEY_CHECKS=@OLD_FOREIGN_KEY_CHECKS */;
/*!40014 SET UNIQUE_CHECKS=@OLD_UNIQUE_CHECKS */;
/*!40111 SET SQL_NOTES=@OLD_SQL_NOTES */;
